train_group,test_set,model,loss,target_frames,n_labeled,accuracy,macro_accuracy,mae,macro_mae,cohen_kappa,quadratic_weighted_kappa
cmose,cmose_test,openface_mlp,ce,300,1221,0.7231777231777232,0.40520296118274907,0.2989352989352989,0.7442033290737178,0.28040591789229574,0.36925830993937914
cmose,cmose_test,openface_mlp,weighted_ce,300,1221,0.556920556920557,0.5452498512092457,0.4987714987714988,0.5827449288679235,0.2524833818806482,0.3989602071240286
cmose,cmose_test,openface_mlp,ordinal,300,1221,0.49303849303849306,0.3482932706738562,0.5421785421785422,0.798248970733789,0.11797224374714066,0.25269299820466806
cmose,cmose_test,tcn,ce,300,1221,0.7608517608517609,0.5348978199358876,0.25634725634725636,0.5469200834513985,0.43185591948216684,0.5371745604303496
cmose,cmose_test,tcn,weighted_ce,300,1221,0.6257166257166257,0.5967029684717531,0.4283374283374283,0.5395240352867471,0.3521124961683866,0.46352654142048844
cmose,cmose_test,tcn,ordinal,300,1221,0.5511875511875511,0.6001886833369658,0.5118755118755118,0.5222375897464269,0.2913170161318509,0.43643183371135574
cmose,cmose_test,lstm,ce,300,1221,0.7117117117117117,0.419653981928522,0.31367731367731366,0.7189096750254187,0.28604438301823787,0.38688224780747327
cmose,cmose_test,lstm,weighted_ce,300,1221,0.5266175266175266,0.5338598703028142,0.5626535626535627,0.6729306789467218,0.2380202766171089,0.3286469519540628
cmose,cmose_test,lstm,ordinal,300,1221,0.4152334152334152,0.4909072867674336,0.6732186732186732,0.6938112870542853,0.15395618941884792,0.31805315201340434
cmose,cmose_test,transformer,ce,300,1221,0.7502047502047502,0.4932780692524189,0.27927927927927926,0.6651475914640965,0.39391547480323674,0.43352359861591705
cmose,cmose_test,transformer,weighted_ce,300,1221,0.5773955773955773,0.5694221802850462,0.4864864864864865,0.5745834673800776,0.29327199733477816,0.39950228504582286
cmose,cmose_test,transformer,ordinal,300,1221,0.5528255528255528,0.588317329366908,0.502047502047502,0.5044512611470827,0.2808504670880887,0.44327375101467636
cmose,cmose_test,i3d_mlp,ce,300,1221,0.7641277641277642,0.507772341860985,0.25634725634725636,0.6253733894130885,0.41755831903376905,0.49327353234729543
cmose,cmose_test,i3d_mlp,weighted_ce,300,1221,0.6904176904176904,0.6086969950198446,0.35626535626535627,0.511329538765413,0.42387758999689185,0.48214452959921417
cmose,cmose_test,i3d_mlp,ordinal,300,1221,0.6855036855036855,0.6133839150969578,0.35544635544635544,0.4883729204720776,0.41932175933379734,0.4999100750684261
cmose,daisee_test,openface_mlp,ce,300,1784,0.42096412556053814,0.26136154707583276,0.6737668161434978,0.8527355045212188,0.01962273867167985,-0.008128553857172927
cmose,daisee_test,openface_mlp,weighted_ce,300,1784,0.020739910313901346,0.21882120989263845,2.1754484304932737,1.4894515340943912,-0.008583474320124296,0.0045137491409088515
cmose,daisee_test,openface_mlp,ordinal,300,1784,0.4467488789237668,0.3066893424036281,0.6513452914798207,0.8092504610361753,0.05643569237628365,-0.010268195560136695
cmose,daisee_test,tcn,ce,300,1784,0.4103139013452915,0.4211074478931622,0.8217488789237668,0.7680392591106877,0.02473742083131536,0.02174018419777024
cmose,daisee_test,tcn,weighted_ce,300,1784,0.4742152466367713,0.24537083465654894,0.6059417040358744,1.0545217063074206,0.011716069287692865,-0.03241881095785781
cmose,daisee_test,tcn,ordinal,300,1784,0.09641255605381166,0.28427441820298965,1.8800448430493273,1.2508705365848223,-5.703070338358707e-05,0.0033072292099574074
cmose,daisee_test,lstm,ce,300,1784,0.48934977578475336,0.25862249076534793,0.5257847533632287,1.0037795216366645,0.013688720581630842,0.010542417912717483
cmose,daisee_test,lstm,weighted_ce,300,1784,0.22477578475336324,0.22220655256369543,1.4394618834080717,1.2957230189373048,0.028192313994378604,-0.005131405589071436
cmose,daisee_test,lstm,ordinal,300,1784,0.2763452914798206,0.2735542824828539,0.9887892376681614,1.0138854067425496,0.019794403771789315,0.024393571188365493
cmose,daisee_test,transformer,ce,300,1784,0.42376681614349776,0.3085791032219604,0.6748878923766816,0.8724587296015867,0.03686174665544906,0.023757005559431943
cmose,daisee_test,transformer,weighted_ce,300,1784,0.4052690582959641,0.41036049964621396,0.7993273542600897,0.7653472117757831,0.049308939536855445,-0.011222920075642628
cmose,daisee_test,transformer,ordinal,300,1784,0.1726457399103139,0.3384127401984545,1.164237668161435,0.8487675987675988,0.011981467223190378,0.015068186116699578
cmose,daisee_test,i3d_mlp,ce,300,1784,0.4265695067264574,0.23263314334742907,0.6154708520179372,1.4072478090335234,-0.061395876854647646,-0.025242248594903094
cmose,daisee_test,i3d_mlp,weighted_ce,300,1784,0.43946188340807174,0.24238976917548347,0.6048206278026906,1.4040578147721003,-0.03502732031194711,-0.007694335129829533
cmose,daisee_test,i3d_mlp,ordinal,300,1784,0.4551569506726457,0.2547238797238797,0.5964125560538116,1.3655522405522407,0.003403506957016522,0.016505178750417793
cmose,private,openface_mlp,ce,300,366,0.5901639344262295,0.2826610198827373,0.4426229508196721,0.9945711229744056,0.06837041185155024,0.07692307692307665
cmose,private,openface_mlp,weighted_ce,300,366,0.24863387978142076,0.3075691379459553,1.1721311475409837,1.1992949633283572,0.05642689066176676,0.09032258064516119
cmose,private,openface_mlp,ordinal,300,366,0.5655737704918032,0.2567393608965622,0.4672131147540984,0.9977249248177236,-0.0002062493554706446,0.020100502512563012
cmose,private,tcn,ce,300,366,0.4098360655737705,0.27302443694424616,0.6857923497267759,0.9083555094004889,-0.024545760866747868,0.16309012875536488
cmose,private,tcn,weighted_ce,300,366,0.5573770491803278,0.27015317712727976,0.48360655737704916,0.9274779050647974,0.07126969706462838,0.14344827586206899
cmose,private,tcn,ordinal,300,366,0.1912568306010929,0.2834614542091258,1.2868852459016393,1.1231075971960796,0.05796420931809887,0.08271474019088021
cmose,private,lstm,ce,300,366,0.5355191256830601,0.28355279526622096,0.5191256830601093,1.0115364904480648,0.0709966405375142,0.10344827586206906
cmose,private,lstm,weighted_ce,300,366,0.18579234972677597,0.2297245164535601,1.3060109289617485,1.3177430172432443,0.027801795216914504,0.017863652934742902
cmose,private,lstm,ordinal,300,366,0.2978142076502732,0.28318215746089437,0.8934426229508197,1.0303479479024686,-0.0008618763367063131,0.06828627708470147
cmose,private,transformer,ce,300,366,0.3879781420765027,0.42998576134224703,0.7814207650273224,0.7502492779256182,0.1327197715011108,0.19044544867656554
cmose,private,transformer,weighted_ce,300,366,0.24316939890710382,0.35131961121568117,1.1202185792349726,0.9476953116548754,0.051360986610025305,0.09400255210548714
cmose,private,transformer,ordinal,300,366,0.12568306010928962,0.3162946766621233,1.1775956284153006,0.9256627804461175,0.030463576158940575,0.07072135785007061
cmose,private,i3d_mlp,ce,300,366,0.40437158469945356,0.2594420690811536,0.773224043715847,1.3930423265398846,0.06249779689097257,-0.013483146067415852
cmose,private,i3d_mlp,weighted_ce,300,366,0.42349726775956287,0.2718917672702884,0.6885245901639344,1.3688628410246424,0.06371164268134466,0.017674418604651132
cmose,private,i3d_mlp,ordinal,300,366,0.28688524590163933,0.2629752304147465,0.8907103825136612,1.4478328979251855,-0.0036141287218174334,0.015656909462219093
daisee,cmose_test,openface_mlp,ce,300,1221,0.3538083538083538,0.24238838973045446,0.769041769041769,1.2038300976645036,-0.030475634253881223,0.04534319272375997
daisee,cmose_test,openface_mlp,weighted_ce,300,1221,0.19164619164619165,0.26183923028842815,0.923013923013923,1.0150460094604932,-0.005115959809606885,-0.011689044024516537
daisee,cmose_test,openface_mlp,ordinal,300,1221,0.6912366912366913,0.25078664650857163,0.3366093366093366,0.9920704963485713,0.002913386850119881,0.011827141261685714
daisee,cmose_test,tcn,ce,300,1221,0.28501228501228504,0.23218287875452742,0.8574938574938575,1.2712431070243997,-0.039656716155876515,0.03583161927908429
daisee,cmose_test,tcn,weighted_ce,300,1221,0.22276822276822278,0.2596782896248137,0.8804258804258804,1.010804993067297,-0.006112761344425621,-0.01106577218341509
daisee,cmose_test,tcn,ordinal,300,1221,0.21294021294021295,0.26178954735104465,0.9156429156429157,1.016553533930947,-0.021596307079374766,0.0016001255535617043
daisee,cmose_test,lstm,ce,300,1221,0.6060606060606061,0.23300582314449803,0.4488124488124488,1.0592049073015264,-0.030987502830690294,-0.008964124173657773
daisee,cmose_test,lstm,weighted_ce,300,1221,0.2547092547092547,0.2384373081826177,0.904995904995905,1.2958076501582347,-0.01939970549513026,0.02694009994159252
daisee,cmose_test,lstm,ordinal,300,1221,0.06961506961506962,0.2535987193265359,1.5094185094185095,1.4767503682757919,-0.0009670091129785341,-0.00017595913912327177
daisee,cmose_test,transformer,ce,300,1221,0.16216216216216217,0.2371430572509155,1.031941031941032,1.373619709394204,-0.023908183917430437,0.024520244366679544
daisee,cmose_test,transformer,weighted_ce,300,1221,0.28173628173628174,0.29323136756291834,0.9754299754299754,1.0833146890270973,0.03540514952874496,-0.008761879260716476
daisee,cmose_test,transformer,ordinal,300,1221,0.2031122031122031,0.28197577823246267,0.9344799344799345,0.990553052494501,-0.0046297940566129014,0.02912293927430698
daisee,cmose_test,i3d_mlp,ce,300,1221,0.678951678951679,0.2501575850959518,0.3538083538083538,1.0054985235013332,-0.001967795148338336,0.0070805736884740345
daisee,cmose_test,i3d_mlp,weighted_ce,300,1221,0.054873054873054876,0.22805758548530233,1.6494676494676495,1.3727749183654194,-0.007222663035320043,0.011881533580942127
daisee,cmose_test,i3d_mlp,ordinal,300,1221,0.05896805896805897,0.22970825965478373,1.71990171990172,1.4320966149775178,-0.003118189462364418,0.004916311396486406
daisee,daisee_test,openface_mlp,ce,300,1784,0.4915919282511211,0.2555442734014163,0.5190582959641256,1.0337604534033105,0.020085341201293128,0.06676775115886169
daisee,daisee_test,openface_mlp,weighted_ce,300,1784,0.288677130044843,0.28584451798737515,0.9904708520179372,1.127492868564297,0.009728205146150692,-0.01482840514283068
daisee,daisee_test,openface_mlp,ordinal,300,1784,0.4725336322869955,0.25510204081632654,0.5633408071748879,1.013325477611192,0.011192486979795468,-0.01628450930270442
daisee,daisee_test,tcn,ce,300,1784,0.5207399103139013,0.27250929036643323,0.48934977578475336,1.0191573763002335,0.08096200981868917,0.13888092370629512
daisee,daisee_test,tcn,weighted_ce,300,1784,0.2679372197309417,0.2397666683380969,1.0089686098654709,1.110101985101985,0.016071217419213135,0.032986402295660855
daisee,daisee_test,tcn,ordinal,300,1784,0.20011210762331838,0.3070347713204856,1.2825112107623318,1.0120231548802978,0.008643423350171542,0.0215329379370921
daisee,daisee_test,lstm,ce,300,1784,0.49887892376681614,0.25939483082340226,0.5145739910313901,1.1096527882242169,0.033935018050541665,0.06112205709016716
daisee,daisee_test,lstm,weighted_ce,300,1784,0.36771300448430494,0.25216659145230574,0.8542600896860987,0.9475143046571619,0.013411723638873774,0.01634570986229178
daisee,daisee_test,lstm,ordinal,300,1784,0.3217488789237668,0.3110914718057576,1.1137892376681615,1.2933158111729541,0.008650382369312037,0.022312213510467527
daisee,daisee_test,transformer,ce,300,1784,0.48934977578475336,0.2572282393710965,0.522982062780269,1.046343189200332,0.025161171132912497,0.09248587417655774
daisee,daisee_test,transformer,weighted_ce,300,1784,0.34641255605381166,0.3126211786926073,0.8144618834080718,0.9772177093605665,0.017610010616633587,0.04427865578243362
daisee,daisee_test,transformer,ordinal,300,1784,0.3721973094170404,0.4553829107400536,0.8133408071748879,0.8553373642659358,0.04035441107111937,0.06971585094501764
daisee,daisee_test,i3d_mlp,ce,300,1784,0.5341928251121076,0.2806616913759771,0.48654708520179374,1.2461240229097374,0.11073094420024188,0.11926743100919879
daisee,daisee_test,i3d_mlp,weighted_ce,300,1784,0.3850896860986547,0.2863957417528846,0.8374439461883408,1.214282928568643,0.07702697731626584,0.07991647333345642
daisee,daisee_test,i3d_mlp,ordinal,300,1784,0.30493273542600896,0.28083823619537907,0.9899103139013453,1.1403402474831048,0.042983874665912136,0.07176285969189178
daisee,private,openface_mlp,ce,300,366,0.587431693989071,0.2544642857142857,0.43989071038251365,0.9955357142857143,0.016619217081850435,0.018083182640144746
daisee,private,openface_mlp,weighted_ce,300,366,0.26229508196721313,0.23025011628913264,0.9644808743169399,1.230500543584085,-0.012365156280413458,-0.0012113870381587066
daisee,private,openface_mlp,ordinal,300,366,0.5710382513661202,0.25908677873693775,0.5081967213114754,1.0333239355487764,0.05663908589440525,-0.11415525114155223
daisee,private,tcn,ce,300,366,0.5819672131147541,0.26799337692823605,0.453551912568306,1.0231356553298285,0.06255963840294643,0.0658105939004815
daisee,private,tcn,weighted_ce,300,366,0.4371584699453552,0.27949078881893513,0.6885245901639344,1.011163013024383,0.0351411532850453,0.019943019943020057
daisee,private,tcn,ordinal,300,366,0.30327868852459017,0.24519921951061208,0.9398907103825137,1.2871603275567385,-0.032834235251153476,-0.026757934038581288
daisee,private,lstm,ce,300,366,0.5901639344262295,0.2725729376257545,0.43989071038251365,0.9854915785032777,0.07625521604522834,0.11021069692058338
daisee,private,lstm,weighted_ce,300,366,0.3879781420765027,0.23818786374158932,0.8060109289617486,1.1469578222020294,0.03500553214529534,-0.023201856148492128
daisee,private,lstm,ordinal,300,366,0.25136612021857924,0.21702297116029512,1.1775956284153006,1.4147402560524438,-0.00749462516827748,0.019253910950661868
daisee,private,transformer,ce,300,366,0.5792349726775956,0.24882629107981222,0.44808743169398907,1.0011737089201878,-0.003275186899252658,0.001808318264014619
daisee,private,transformer,weighted_ce,300,366,0.3114754098360656,0.26630481815624935,0.8989071038251366,0.9945247425412691,0.043673012318029,0.022834116856950915
daisee,private,transformer,ordinal,300,366,0.24043715846994534,0.23725572521148397,0.9918032786885246,1.4455931151424677,-0.04770632754981197,-0.06414368184733799
daisee,private,i3d_mlp,ce,300,366,0.546448087431694,0.2643779342723005,0.5300546448087432,1.0904321087817226,0.07102337884741838,0.049576783555018156
daisee,private,i3d_mlp,weighted_ce,300,366,0.1885245901639344,0.3564451223469851,1.2349726775956285,1.001765025637697,0.053110218730128333,0.06852497096399524
daisee,private,i3d_mlp,ordinal,300,366,0.20491803278688525,0.3116005170809805,1.2677595628415301,1.0830732378139807,0.0661791782839708,0.0672708260718019
combined,cmose_test,openface_mlp,ce,150,1221,0.7362817362817363,0.4418785963424774,0.28173628173628174,0.7102400477253192,0.3156044047863581,0.4133180764429649
combined,cmose_test,openface_mlp,weighted_ce,150,1221,0.5634725634725635,0.5062985867572108,0.48894348894348894,0.6147837977304125,0.232070034833338,0.34892721096556434
combined,cmose_test,openface_mlp,ordinal,150,1221,0.2710892710892711,0.2675697704814899,0.7993447993447993,0.9236946231508001,0.018666902663178386,0.06715364025624682
combined,cmose_test,tcn,ce,150,1221,0.7313677313677314,0.4702065586004678,0.29565929565929566,0.6983130528494437,0.34088417975886,0.41512998562972936
combined,cmose_test,tcn,weighted_ce,150,1221,0.6494676494676495,0.5793104068051952,0.41932841932841936,0.5242262246952721,0.36130411348661884,0.426710862417383
combined,cmose_test,tcn,ordinal,150,1221,0.601965601965602,0.5741980805381512,0.4398034398034398,0.49860895698156643,0.3266215558357173,0.45016345726203344
combined,cmose_test,lstm,ce,150,1221,0.7264537264537264,0.42647977645485124,0.29565929565929566,0.7008548168046945,0.31682810055248256,0.4001974424806729
combined,cmose_test,lstm,weighted_ce,150,1221,0.5667485667485668,0.5283664536315673,0.5028665028665029,0.5960084305253344,0.259687878947646,0.37942606783064037
combined,cmose_test,lstm,ordinal,150,1221,0.5266175266175266,0.5496557326476659,0.5462735462735463,0.5853991947506858,0.2239520563008578,0.3715948423323703
combined,cmose_test,transformer,ce,150,1221,0.7305487305487306,0.48960275200191816,0.294021294021294,0.6559596842928666,0.3612138096850984,0.438563054497636
combined,cmose_test,transformer,weighted_ce,150,1221,0.6265356265356266,0.507026934816294,0.4176904176904177,0.6420851965943963,0.272505860186533,0.3870186986940747
combined,cmose_test,transformer,ordinal,150,1221,0.5511875511875511,0.5934744467895017,0.5192465192465192,0.5334010637237321,0.27352676768334794,0.4078901501767832
combined,cmose_test,i3d_mlp,ce,150,1221,0.7657657657657657,0.5042694502995418,0.25225225225225223,0.6134593449693604,0.4161655172413794,0.5081818639544837
combined,cmose_test,i3d_mlp,weighted_ce,150,1221,0.6625716625716626,0.5933731635897864,0.38165438165438165,0.5024781504184205,0.37733999415775055,0.4590286223218847
combined,cmose_test,i3d_mlp,ordinal,150,1221,0.5004095004095004,0.5588903709360521,0.5921375921375921,0.5732642142594104,0.2425666152090744,0.3251780206063245
combined,daisee_test,openface_mlp,ce,150,1784,0.5375560538116592,0.28083370940513797,0.47085201793721976,0.9423805763091477,0.09639885659276448,0.1006438872432448
combined,daisee_test,openface_mlp,weighted_ce,150,1784,0.4517937219730942,0.26072257322257325,0.5992152466367713,1.3432320307320307,0.00312531781682579,0.030798513926322157
combined,daisee_test,openface_mlp,ordinal,150,1784,0.3133408071748879,0.2621944764801908,0.8817264573991032,1.3459575066717924,0.006385250090477412,0.007975111629075715
combined,daisee_test,tcn,ce,150,1784,0.5168161434977578,0.2679612590326876,0.492152466367713,1.0746077710363424,0.057811521622187945,0.0666972603368362
combined,daisee_test,tcn,weighted_ce,150,1784,0.44786995515695066,0.31679418286561145,0.6642376681614349,1.1603932318218033,0.03391448149679377,0.07785442421006228
combined,daisee_test,tcn,ordinal,150,1784,0.4439461883408072,0.34428816571673715,0.6507847533632287,1.034992088563517,0.03987152917177528,0.097169540625209
combined,daisee_test,lstm,ce,150,1784,0.5302690582959642,0.2798482619911191,0.4820627802690583,1.0237231665803095,0.09269821463901329,0.11294162167394917
combined,daisee_test,lstm,weighted_ce,150,1784,0.46580717488789236,0.2585939371653657,0.5896860986547086,1.393806724163867,0.02418317084565902,0.04337319957101937
combined,daisee_test,lstm,ordinal,150,1784,0.4461883408071749,0.2470224166652738,0.6356502242152466,1.4301342158485013,0.007302493075416194,0.04343442290936339
combined,daisee_test,transformer,ce,150,1784,0.5140134529147982,0.2867495278209564,0.4977578475336323,0.9462673480530625,0.07231460722678251,0.13635360404442531
combined,daisee_test,transformer,weighted_ce,150,1784,0.4562780269058296,0.260439474725189,0.5975336322869955,1.3449086841943987,0.011923291700973393,0.0538858642750214
combined,daisee_test,transformer,ordinal,150,1784,0.4400224215246637,0.3959687888259317,0.656390134529148,0.9246616746616747,0.022650697551987342,0.07431296490787609
combined,daisee_test,i3d_mlp,ce,150,1784,0.5403587443946188,0.28129335272192413,0.4798206278026906,1.18299236156379,0.114483707100692,0.09870466658282617
combined,daisee_test,i3d_mlp,weighted_ce,150,1784,0.4366591928251121,0.3081720403148975,0.6474215246636771,1.303108303108303,0.02362997137741285,0.03752239630492338
combined,daisee_test,i3d_mlp,ordinal,150,1784,0.5369955156950673,0.2820315677458535,0.4820627802690583,1.1167779560636704,0.1156486753790461,0.13415051644525355
combined,private,openface_mlp,ce,150,366,0.4672131147540984,0.32190643863179075,0.6147540983606558,1.1671704960948488,0.12159999999999982,0.16651075771749313
combined,private,openface_mlp,weighted_ce,150,366,0.273224043715847,0.2290466589861751,0.8825136612021858,1.3919066820276498,-0.021863487032002915,-0.005974607916355401
combined,private,openface_mlp,ordinal,150,366,0.22950819672131148,0.29302292248112327,0.9508196721311475,0.9698226996386923,0.06201606746882837,0.151906158357771
combined,private,tcn,ce,150,366,0.6038251366120219,0.32237747722896515,0.43989071038251365,0.9653818745808183,0.2054080761802094,0.2714819427148195
combined,private,tcn,weighted_ce,150,366,0.31693989071038253,0.27536779818697127,0.819672131147541,1.3182743639254884,-0.004865084507506223,0.07896678966789672
combined,private,tcn,ordinal,150,366,0.2896174863387978,0.23291361069643668,0.8497267759562842,1.3947362264987777,-0.03250726964975503,0.03160270880361149
combined,private,lstm,ce,150,366,0.5710382513661202,0.30881120053655264,0.47540983606557374,1.0315113801086087,0.16997212150977203,0.21578298397040696
combined,private,lstm,weighted_ce,150,366,0.33060109289617484,0.2653373196166245,0.7950819672131147,1.4104691319962788,0.02010709212107964,0.044692737430167884
combined,private,lstm,ordinal,150,366,0.2978142076502732,0.23906983568075119,0.8797814207650273,1.4780460315657384,0.008913895562018048,0.0745697896749522
combined,private,transformer,ce,150,366,0.4644808743169399,0.3112287975162805,0.6202185792349727,0.9968361242725169,0.10394963651352751,0.28501228501228504
combined,private,transformer,weighted_ce,150,366,0.28415300546448086,0.26234172508167286,0.907103825136612,1.3367587243893468,0.012369583801097761,0.08296943231441056
combined,private,transformer,ordinal,150,366,0.2814207650273224,0.29933755760368663,0.8989071038251366,1.1192115055926959,0.044727832084553,0.19921656407386668
combined,private,i3d_mlp,ce,150,366,0.5792349726775956,0.312332327297116,0.4808743169398907,1.0683128339932064,0.19009095742387894,0.17948717948717952
combined,private,i3d_mlp,weighted_ce,150,366,0.3005464480874317,0.2900129946344735,0.8688524590163934,1.345773701347872,0.01819096319892677,0.10442024343369627
combined,private,i3d_mlp,ordinal,150,366,0.5300546448087432,0.2488682092555332,0.5109289617486339,1.058389855260596,-0.00784476961992886,0.029542097488921892
