run,model,class_id,class_label,private_proportion,source_predicted_proportion,source_true_proportion,private_minus_source_predicted,private_minus_source_true,private_mean_confidence,private_mean_entropy,is_private_dominant,source_test_accuracy,source_test_macro_accuracy,source_test_f1_macro,source_test_mae,source_test_mse
i3d_mlp/ce,i3d_mlp,0,Highly Disengage,0.0,0.013923013923013924,0.028665028665028666,-0.013923013923013924,-0.028665028665028666,0.0,0.0,False,0.7682227682227682,0.5367667726092452,0.5889255245634077,0.2538902538902539,0.3013923013923014
i3d_mlp/ce,i3d_mlp,1,Disengage,0.03260869565217391,0.14086814086814087,0.180999180999181,-0.10825944521596695,-0.14839048534700708,0.4399048412839572,0.8315831671158472,False,0.7682227682227682,0.5367667726092452,0.5889255245634077,0.2538902538902539,0.3013923013923014
i3d_mlp/ce,i3d_mlp,2,Engage,0.6603260869565217,0.7821457821457821,0.6936936936936937,-0.12181969518926039,-0.033367606737171984,0.6079851677143034,0.6374054476618767,True,0.7682227682227682,0.5367667726092452,0.5889255245634077,0.2538902538902539,0.3013923013923014
i3d_mlp/ce,i3d_mlp,3,Highly Engage,0.3070652173913043,0.06306306306306306,0.09664209664209664,0.24400215432824127,0.2104231207492077,0.5525324183755216,0.6696072756189161,False,0.7682227682227682,0.5367667726092452,0.5889255245634077,0.2538902538902539,0.3013923013923014
i3d_mlp/ordinal,i3d_mlp,0,Highly Disengage,0.024456521739130436,0.0475020475020475,0.028665028665028666,-0.023045525762917064,-0.00420850692589823,0.7162457638316684,0.5798369447390238,False,0.6756756756756757,0.6227013356443248,0.5575794839631268,0.3669123669123669,0.4619164619164619
i3d_mlp/ordinal,i3d_mlp,1,Disengage,0.005434782608695652,0.2571662571662572,0.180999180999181,-0.2517314745575615,-0.17556439839048535,0.32988110184669495,0.9654999077320099,False,0.6756756756756757,0.6227013356443248,0.5575794839631268,0.3669123669123669,0.4619164619164619
i3d_mlp/ordinal,i3d_mlp,2,Engage,0.16576086956521738,0.5651105651105651,0.6936936936936937,-0.3993496955453477,-0.5279328241284763,0.7215559985794004,0.4377893190525594,False,0.6756756756756757,0.6227013356443248,0.5575794839631268,0.3669123669123669,0.4619164619164619
i3d_mlp/ordinal,i3d_mlp,3,Highly Engage,0.8043478260869565,0.13022113022113022,0.09664209664209664,0.6741266958658263,0.7077057294448599,0.8126821160517834,0.35094937429341766,True,0.6756756756756757,0.6227013356443248,0.5575794839631268,0.3669123669123669,0.4619164619164619
i3d_mlp/weighted_ce,i3d_mlp,0,Highly Disengage,0.04891304347826087,0.04504504504504504,0.028665028665028666,0.0038679984332158288,0.020248014813232205,0.5584041724602381,0.8017285880115297,False,0.6732186732186732,0.6254549877748463,0.5566719982784964,0.37182637182637185,0.46846846846846846
i3d_mlp/weighted_ce,i3d_mlp,1,Disengage,0.1331521739130435,0.2727272727272727,0.180999180999181,-0.13957509881422922,-0.04784700708613751,0.45327769432749065,0.8821652312668002,False,0.6732186732186732,0.6254549877748463,0.5566719982784964,0.37182637182637185,0.46846846846846846
i3d_mlp/weighted_ce,i3d_mlp,2,Engage,0.25,0.5446355446355446,0.6936936936936937,-0.29463554463554464,-0.4436936936936937,0.5894518850938134,0.6609499098166175,False,0.6732186732186732,0.6254549877748463,0.5566719982784964,0.37182637182637185,0.46846846846846846
i3d_mlp/weighted_ce,i3d_mlp,3,Highly Engage,0.5679347826086957,0.1375921375921376,0.09664209664209664,0.43034264501655806,0.471292685966599,0.6498755373452839,0.6171085618471985,True,0.6732186732186732,0.6254549877748463,0.5566719982784964,0.37182637182637185,0.46846846846846846
lstm/ce,lstm,0,Highly Disengage,0.15489130434782608,0.018837018837018837,0.028665028665028666,0.13605428551080725,0.12622627568279743,0.4415085509158017,0.9010249031217474,False,0.7051597051597052,0.4139256148546459,0.4428814844777025,0.32432432432432434,0.38493038493038495
lstm/ce,lstm,1,Disengage,0.1875,0.10565110565110565,0.180999180999181,0.08184889434889435,0.0065008190008190025,0.4727760739084603,0.8204022404076396,False,0.7051597051597052,0.4139256148546459,0.4428814844777025,0.32432432432432434,0.38493038493038495
lstm/ce,lstm,2,Engage,0.4266304347826087,0.8198198198198198,0.6936936936936937,-0.39318938503721107,-0.267063258911085,0.5509128860986916,0.7403331323034444,True,0.7051597051597052,0.4139256148546459,0.4428814844777025,0.32432432432432434,0.38493038493038495
lstm/ce,lstm,3,Highly Engage,0.23097826086956522,0.055692055692055695,0.09664209664209664,0.17528620517750954,0.13433616422746858,0.5842692010542926,0.6805388359462514,False,0.7051597051597052,0.4139256148546459,0.4428814844777025,0.32432432432432434,0.38493038493038495
lstm/ordinal,lstm,0,Highly Disengage,0.5027173913043478,0.07698607698607698,0.028665028665028666,0.4257313143182708,0.4740523626393191,0.7203616963850485,0.5240694137038411,True,0.48075348075348073,0.5119632701206163,0.3963855360846373,0.5872235872235873,0.7297297297297297
lstm/ordinal,lstm,1,Disengage,0.21739130434782608,0.26453726453726456,0.180999180999181,-0.04714596018943848,0.03639212334864508,0.41115557998418806,0.9053435556590557,False,0.48075348075348073,0.5119632701206163,0.3963855360846373,0.5872235872235873,0.7297297297297297
lstm/ordinal,lstm,2,Engage,0.10597826086956522,0.4283374283374283,0.6936936936936937,-0.3223591674678631,-0.5877154328241285,0.38303864307892627,0.9060432391288953,False,0.48075348075348073,0.5119632701206163,0.3963855360846373,0.5872235872235873,0.7297297297297297
lstm/ordinal,lstm,3,Highly Engage,0.17391304347826086,0.23013923013923013,0.09664209664209664,-0.05622618666096926,0.07727094683616423,0.5946643105708063,0.7005894435569644,False,0.48075348075348073,0.5119632701206163,0.3963855360846373,0.5872235872235873,0.7297297297297297
lstm/weighted_ce,lstm,0,Highly Disengage,0.22826086956521738,0.04504504504504504,0.028665028665028666,0.18321582452017232,0.19959584090018873,0.6220688855364209,0.6626489369109982,False,0.5700245700245701,0.5205989265877782,0.45018849258646826,0.4881244881244881,0.6142506142506142
lstm/weighted_ce,lstm,1,Disengage,0.21195652173913043,0.2571662571662572,0.180999180999181,-0.04520973542712675,0.030957340739949435,0.45973275410823333,0.7837087439420896,False,0.5700245700245701,0.5205989265877782,0.45018849258646826,0.4881244881244881,0.6142506142506142
lstm/weighted_ce,lstm,2,Engage,0.40217391304347827,0.502047502047502,0.6936936936936937,-0.09987358900402377,-0.29151978065021544,0.4758779126647356,0.7863208752226185,True,0.5700245700245701,0.5205989265877782,0.45018849258646826,0.4881244881244881,0.6142506142506142
lstm/weighted_ce,lstm,3,Highly Engage,0.15760869565217392,0.19574119574119575,0.09664209664209664,-0.03813250008902183,0.06096659901007728,0.6586769099893242,0.5808591267158245,False,0.5700245700245701,0.5205989265877782,0.45018849258646826,0.4881244881244881,0.6142506142506142
openface_mlp/ce,openface_mlp,0,Highly Disengage,0.0,0.005733005733005733,0.028665028665028666,-0.005733005733005733,-0.028665028665028666,0.0,0.0,False,0.7346437346437347,0.41631857220998886,0.46076095445845777,0.2858312858312858,0.3284193284193284
openface_mlp/ce,openface_mlp,1,Disengage,0.37228260869565216,0.10155610155610155,0.180999180999181,0.2707265071395506,0.19128342769647116,0.6971859794898625,0.4650908037476296,False,0.7346437346437347,0.41631857220998886,0.46076095445845777,0.2858312858312858,0.3284193284193284
openface_mlp/ce,openface_mlp,2,Engage,0.6168478260869565,0.8452088452088452,0.6936936936936937,-0.22836101912188866,-0.07684586760673717,0.7241946194928123,0.42149840703947955,True,0.7346437346437347,0.41631857220998886,0.46076095445845777,0.2858312858312858,0.3284193284193284
openface_mlp/ce,openface_mlp,3,Highly Engage,0.010869565217391304,0.0475020475020475,0.09664209664209664,-0.036632482284656195,-0.08577253142470534,0.74660325050354,0.3925294354557991,False,0.7346437346437347,0.41631857220998886,0.46076095445845777,0.2858312858312858,0.3284193284193284
openface_mlp/ordinal,openface_mlp,0,Highly Disengage,0.0,0.0,0.028665028665028666,0.0,-0.028665028665028666,0.0,0.0,False,0.5282555282555282,0.36964846763858816,0.33946520597073054,0.4987714987714988,0.5528255528255528
openface_mlp/ordinal,openface_mlp,1,Disengage,0.6603260869565217,0.3824733824733825,0.180999180999181,0.27785270448313926,0.47932690595734073,0.999963604618983,0.0001555371934127035,True,0.5282555282555282,0.36964846763858816,0.33946520597073054,0.4987714987714988,0.5528255528255528
openface_mlp/ordinal,openface_mlp,2,Engage,0.33967391304347827,0.5217035217035217,0.6936936936936937,-0.18202960866004347,-0.35401978065021544,0.9999969358444214,1.9652977178338918e-05,False,0.5282555282555282,0.36964846763858816,0.33946520597073054,0.4987714987714988,0.5528255528255528
openface_mlp/ordinal,openface_mlp,3,Highly Engage,0.0,0.09582309582309582,0.09664209664209664,-0.09582309582309582,-0.09664209664209664,0.0,0.0,False,0.5282555282555282,0.36964846763858816,0.33946520597073054,0.4987714987714988,0.5528255528255528
openface_mlp/weighted_ce,openface_mlp,0,Highly Disengage,0.23097826086956522,0.029484029484029485,0.028665028665028666,0.20149423138553574,0.20231323220453656,0.5927886994446026,0.6853884045253782,False,0.6101556101556102,0.5376420212616171,0.49282718573859696,0.4258804258804259,0.5061425061425061
openface_mlp/weighted_ce,openface_mlp,1,Disengage,0.15489130434782608,0.25307125307125306,0.180999180999181,-0.09817994872342697,-0.026107876651354917,0.33673075678055747,0.936219989207753,False,0.6101556101556102,0.5376420212616171,0.49282718573859696,0.4258804258804259,0.5061425061425061
openface_mlp/weighted_ce,openface_mlp,2,Engage,0.36684782608695654,0.5536445536445537,0.6936936936936937,-0.18679672755759713,-0.3268458676067372,0.3088016735182868,0.9593011215881065,True,0.6101556101556102,0.5376420212616171,0.49282718573859696,0.4258804258804259,0.5061425061425061
openface_mlp/weighted_ce,openface_mlp,3,Highly Engage,0.24728260869565216,0.1638001638001638,0.09664209664209664,0.08348244489548837,0.15064051205355553,0.5624898904627496,0.6447252729436853,False,0.6101556101556102,0.5376420212616171,0.49282718573859696,0.4258804258804259,0.5061425061425061
openface_tcn_i3d_fusion/ce,openface_tcn_i3d_fusion,0,Highly Disengage,0.5027173913043478,0.020475020475020474,0.028665028665028666,0.4822423708293273,0.4740523626393191,0.6691247244138976,0.5789099171354964,True,0.7698607698607699,0.5637376174084232,0.5972155073759607,0.25307125307125306,0.3022113022113022
openface_tcn_i3d_fusion/ce,openface_tcn_i3d_fusion,1,Disengage,0.44565217391304346,0.11793611793611794,0.180999180999181,0.32771605597692555,0.26465299291386246,0.7234691779424505,0.48438964838661797,False,0.7698607698607699,0.5637376174084232,0.5972155073759607,0.25307125307125306,0.3022113022113022
openface_tcn_i3d_fusion/ce,openface_tcn_i3d_fusion,2,Engage,0.024456521739130436,0.7764127764127764,0.6936936936936937,-0.7519562546736459,-0.6692371719545632,0.6682550244861178,0.5007967087957594,False,0.7698607698607699,0.5637376174084232,0.5972155073759607,0.25307125307125306,0.3022113022113022
openface_tcn_i3d_fusion/ce,openface_tcn_i3d_fusion,3,Highly Engage,0.02717391304347826,0.08517608517608517,0.09664209664209664,-0.058002172132606916,-0.06946818359861838,0.5436979860067368,0.7462242364883422,False,0.7698607698607699,0.5637376174084232,0.5972155073759607,0.25307125307125306,0.3022113022113022
openface_tcn_i3d_fusion/ordinal,openface_tcn_i3d_fusion,0,Highly Disengage,0.035326086956521736,0.085995085995086,0.028665028665028666,-0.05066899903856426,0.00666105829149307,0.5561744020535395,0.6090717476147872,False,0.5626535626535627,0.593316422542381,0.45909661338152363,0.49221949221949224,0.6068796068796068
openface_tcn_i3d_fusion/ordinal,openface_tcn_i3d_fusion,1,Disengage,0.44021739130434784,0.22358722358722358,0.180999180999181,0.21663016771712426,0.25921821030516684,0.5402923669712043,0.7347731248096183,False,0.5626535626535627,0.593316422542381,0.45909661338152363,0.49221949221949224,0.6068796068796068
openface_tcn_i3d_fusion/ordinal,openface_tcn_i3d_fusion,2,Engage,0.4483695652173913,0.475020475020475,0.6936936936936937,-0.02665090980308371,-0.24532412847630242,0.5124833244265932,0.7497701858029221,True,0.5626535626535627,0.593316422542381,0.45909661338152363,0.49221949221949224,0.6068796068796068
openface_tcn_i3d_fusion/ordinal,openface_tcn_i3d_fusion,3,Highly Engage,0.07608695652173914,0.2153972153972154,0.09664209664209664,-0.13931025887547627,-0.0205551401203575,0.6178115042192596,0.5586273010287967,False,0.5626535626535627,0.593316422542381,0.45909661338152363,0.49221949221949224,0.6068796068796068
openface_tcn_i3d_fusion/weighted_ce,openface_tcn_i3d_fusion,0,Highly Disengage,0.35597826086956524,0.043407043407043405,0.028665028665028666,0.3125712174625218,0.32731323220453656,0.8221639845207447,0.3119838378322844,False,0.6592956592956593,0.6337428523619949,0.5541671189263279,0.37919737919737917,0.46764946764946763
openface_tcn_i3d_fusion/weighted_ce,openface_tcn_i3d_fusion,1,Disengage,0.5081521739130435,0.26863226863226863,0.180999180999181,0.23951990528077483,0.32715299291386246,0.7407566066731743,0.4758046021595358,True,0.6592956592956593,0.6337428523619949,0.5541671189263279,0.37919737919737917,0.46764946764946763
openface_tcn_i3d_fusion/weighted_ce,openface_tcn_i3d_fusion,2,Engage,0.03260869565217391,0.5274365274365275,0.6936936936936937,-0.4948278317843536,-0.6610849980415198,0.49149633944034576,0.7112077052394549,False,0.6592956592956593,0.6337428523619949,0.5541671189263279,0.37919737919737917,0.46764946764946763
openface_tcn_i3d_fusion/weighted_ce,openface_tcn_i3d_fusion,3,Highly Engage,0.10326086956521739,0.16052416052416052,0.09664209664209664,-0.05726329095894313,0.006618772923120755,0.6831178461250506,0.5613145118481234,False,0.6592956592956593,0.6337428523619949,0.5541671189263279,0.37919737919737917,0.46764946764946763
temporal_cnn/ce,temporal_cnn,0,Highly Disengage,0.01358695652173913,0.019656019656019656,0.028665028665028666,-0.0060690631342805255,-0.015078072143289536,0.672178840637207,0.47546935081481934,False,0.764946764946765,0.5012426461420388,0.5477955788617536,0.25552825552825553,0.2964782964782965
temporal_cnn/ce,temporal_cnn,1,Disengage,0.12228260869565218,0.12039312039312039,0.180999180999181,0.001889488302531786,-0.05871657230352882,0.7041844738854303,0.4420306784721712,False,0.764946764946765,0.5012426461420388,0.5477955788617536,0.25552825552825553,0.2964782964782965
temporal_cnn/ce,temporal_cnn,2,Engage,0.8206521739130435,0.814086814086814,0.6936936936936937,0.006565359826229411,0.12695848021934975,0.9156209590616605,0.16048493664766847,True,0.764946764946765,0.5012426461420388,0.5477955788617536,0.25552825552825553,0.2964782964782965
temporal_cnn/ce,temporal_cnn,3,Highly Engage,0.043478260869565216,0.04586404586404586,0.09664209664209664,-0.0023857849944806456,-0.05316383577253142,0.8325345441699028,0.2638490448161974,False,0.764946764946765,0.5012426461420388,0.5477955788617536,0.25552825552825553,0.2964782964782965
temporal_cnn/ordinal,temporal_cnn,0,Highly Disengage,0.019021739130434784,0.05978705978705979,0.028665028665028666,-0.040765320656625005,-0.009643289534593882,0.6641146540641785,0.5374719202518463,False,0.6248976248976249,0.6259962280083733,0.51924528021586,0.41932841932841936,0.5110565110565111
temporal_cnn/ordinal,temporal_cnn,1,Disengage,0.051630434782608696,0.2571662571662572,0.180999180999181,-0.20553582238364848,-0.1293687462165723,0.6951369486357036,0.48243943229317665,False,0.6248976248976249,0.6259962280083733,0.51924528021586,0.41932841932841936,0.5110565110565111
temporal_cnn/ordinal,temporal_cnn,2,Engage,0.4483695652173913,0.4987714987714988,0.6936936936936937,-0.05040193355410749,-0.24532412847630242,0.8174340755650491,0.29775056434287267,False,0.6248976248976249,0.6259962280083733,0.51924528021586,0.41932841932841936,0.5110565110565111
temporal_cnn/ordinal,temporal_cnn,3,Highly Engage,0.48097826086956524,0.18427518427518427,0.09664209664209664,0.296703076594381,0.38433616422746864,0.8862518826446965,0.20229358216811127,True,0.6248976248976249,0.6259962280083733,0.51924528021586,0.41932841932841936,0.5110565110565111
temporal_cnn/weighted_ce,temporal_cnn,0,Highly Disengage,0.016304347826086956,0.030303030303030304,0.028665028665028666,-0.013998682476943348,-0.01236068083894171,0.7524533768494924,0.44772466520468396,False,0.6945126945126945,0.620047015433583,0.5723056530799828,0.3366093366093366,0.4037674037674038
temporal_cnn/weighted_ce,temporal_cnn,1,Disengage,0.09239130434782608,0.21212121212121213,0.180999180999181,-0.11972990777338605,-0.08860787665135492,0.7218364433330648,0.4196112078463878,False,0.6945126945126945,0.620047015433583,0.5723056530799828,0.3366093366093366,0.4037674037674038
temporal_cnn/weighted_ce,temporal_cnn,2,Engage,0.8097826086956522,0.5896805896805897,0.6936936936936937,0.22010201901506254,0.1160889150019585,0.9479956040846421,0.09157428932103782,True,0.6945126945126945,0.620047015433583,0.5723056530799828,0.3366093366093366,0.4037674037674038
temporal_cnn/weighted_ce,temporal_cnn,3,Highly Engage,0.08152173913043478,0.1678951678951679,0.09664209664209664,-0.08637342876473311,-0.015120357511661853,0.9078247408072154,0.1628325526497084,False,0.6945126945126945,0.620047015433583,0.5723056530799828,0.3366093366093366,0.4037674037674038
transformer/ce,transformer,0,Highly Disengage,0.029891304347826088,0.01638001638001638,0.028665028665028666,0.013511287967809708,0.0012262756827974217,0.684267296032472,0.6153062880039215,False,0.7485667485667485,0.49845308548063916,0.5440902512504544,0.2800982800982801,0.3407043407043407
transformer/ce,transformer,1,Disengage,0.14673913043478262,0.13104013104013104,0.180999180999181,0.01569899939465158,-0.034260050564398375,0.5473619975425579,0.6951822715776937,False,0.7485667485667485,0.49845308548063916,0.5440902512504544,0.2800982800982801,0.3407043407043407
transformer/ce,transformer,2,Engage,0.7255434782608695,0.7960687960687961,0.6936936936936937,-0.07052531780792659,0.0318497845671758,0.6786976893073164,0.580171876911367,True,0.7485667485667485,0.49845308548063916,0.5440902512504544,0.2800982800982801,0.3407043407043407
transformer/ce,transformer,3,Highly Engage,0.09782608695652174,0.056511056511056514,0.09664209664209664,0.04131503044546523,0.0011839903144251068,0.5725898676448398,0.7040499813026853,False,0.7485667485667485,0.49845308548063916,0.5440902512504544,0.2800982800982801,0.3407043407043407
transformer/ordinal,transformer,0,Highly Disengage,0.0625,0.07534807534807535,0.028665028665028666,-0.012848075348075347,0.033834971334971334,0.7499244537042535,0.4478051385477833,False,0.5331695331695332,0.5714313783741863,0.4441129241585646,0.5323505323505323,0.6764946764946765
transformer/ordinal,transformer,1,Disengage,0.5570652173913043,0.2833742833742834,0.180999180999181,0.27369093401702094,0.3760660363921233,0.5933979865981311,0.6564886757513372,True,0.5331695331695332,0.5714313783741863,0.4441129241585646,0.5323505323505323,0.6764946764946765
transformer/ordinal,transformer,2,Engage,0.2554347826086957,0.42424242424242425,0.6936936936936937,-0.16880764163372858,-0.43825891108499804,0.5352552428524545,0.7083697230257886,False,0.5331695331695332,0.5714313783741863,0.4441129241585646,0.5323505323505323,0.6764946764946765
transformer/ordinal,transformer,3,Highly Engage,0.125,0.21703521703521703,0.09664209664209664,-0.09203521703521703,0.028357903357903363,0.6884833878797033,0.563383201542108,False,0.5331695331695332,0.5714313783741863,0.4441129241585646,0.5323505323505323,0.6764946764946765
transformer/weighted_ce,transformer,0,Highly Disengage,0.10597826086956522,0.05241605241605242,0.028665028665028666,0.0535622084535128,0.07731323220453655,0.7144560225498982,0.5297460019206389,False,0.5798525798525799,0.5685405933683827,0.47123559277011684,0.48157248157248156,0.6208026208026208
transformer/weighted_ce,transformer,1,Disengage,0.46467391304347827,0.2588042588042588,0.180999180999181,0.2058696542392195,0.2836747320442973,0.5753247575801715,0.6801280637233578,True,0.5798525798525799,0.5685405933683827,0.47123559277011684,0.48157248157248156,0.6208026208026208
transformer/weighted_ce,transformer,2,Engage,0.3233695652173913,0.4701064701064701,0.6936936936936937,-0.1467369048890788,-0.3703241284763024,0.5291819940595066,0.7495065579394332,False,0.5798525798525799,0.5685405933683827,0.47123559277011684,0.48157248157248156,0.6208026208026208
transformer/weighted_ce,transformer,3,Highly Engage,0.10597826086956522,0.21867321867321868,0.09664209664209664,-0.11269495780365346,0.00933616422746858,0.5887008171815139,0.6922847418448864,False,0.5798525798525799,0.5685405933683827,0.47123559277011684,0.48157248157248156,0.6208026208026208
