feature,group,private_mean_z,cmose_mean_z,abs_standardized_mean_diff,standardized_wasserstein,ks_statistic
gaze_0_x,gaze,0.12870299816131592,-0.11751443892717361,0.24621742963790894,0.3511633100548658,0.17441941199376942
gaze_0_y,gaze,0.15064774453639984,-0.1375514268875122,0.28819918632507324,0.39751680313845295,0.19722681074766357
gaze_0_z,gaze,0.2554045021533966,-0.2332012951374054,0.488605797290802,0.48860580047144403,0.4139068730529595
gaze_1_x,gaze,0.13853603601455688,-0.12649264931678772,0.2650286853313446,0.3832831307204087,0.22099155957943928
gaze_1_y,gaze,0.1981094628572464,-0.1808871477842331,0.3789966106414795,0.46932398898149474,0.23475683411214954
gaze_1_z,gaze,0.2460392564535141,-0.22465023398399353,0.47068947553634644,0.4706894979067448,0.3690383080218068
gaze_angle_x,gaze,0.1347285956144333,-0.12301618605852127,0.25774478912353516,0.36631242844202716,0.1568342192367601
gaze_angle_y,gaze,0.17886610329151154,-0.16331666707992554,0.3421827554702759,0.4528189472085618,0.21996558605919003
eye_lmk_x_0,eye_landmark_2d,0.7657899856567383,-0.6992172598838806,1.4650073051452637,1.4941867428245301,0.7740060163551402
eye_lmk_x_1,eye_landmark_2d,0.7683202624320984,-0.7015276551246643,1.4698479175567627,1.4970888699484466,0.7746044003115264
eye_lmk_x_2,eye_landmark_2d,0.775234043598175,-0.7078403830528259,1.483074426651001,1.5060708610877487,0.7782017426012461
eye_lmk_x_3,eye_landmark_2d,0.7822390198707581,-0.7142363786697388,1.4964754581451416,1.5160673616349318,0.7832714174454829
eye_lmk_x_4,eye_landmark_2d,0.7854382991790771,-0.7171575427055359,1.5025959014892578,1.5210245415542496,0.7861610007788162
eye_lmk_x_5,eye_landmark_2d,0.7839311361312866,-0.7157813906669617,1.4997124671936035,1.5188048123095175,0.7849459793613708
eye_lmk_x_6,eye_landmark_2d,0.776630699634552,-0.7091156244277954,1.4857463836669922,1.508292111393772,0.7791463395638629
eye_lmk_x_7,eye_landmark_2d,0.7693360447883606,-0.7024551033973694,1.47179114818573,1.4987133365932235,0.7758916569314642
eye_lmk_x_8,eye_landmark_2d,0.7589269876480103,-0.6929509043693542,1.4518778324127197,1.4872126922100861,0.7707821359034268
eye_lmk_x_9,eye_landmark_2d,0.7616673111915588,-0.6954529881477356,1.4571202993392944,1.4899620761879244,0.7717901090342679
eye_lmk_x_10,eye_landmark_2d,0.7662132978439331,-0.6996038556098938,1.4658172130584717,1.4950701955276862,0.7736433216510904
eye_lmk_x_11,eye_landmark_2d,0.7728267312049866,-0.7056424021720886,1.4784691333770752,1.5034637226920546,0.7766470307632398
eye_lmk_x_12,eye_landmark_2d,0.780668318271637,-0.7128022313117981,1.493470549583435,1.5145995247398005,0.7813254088785047
eye_lmk_x_13,eye_landmark_2d,0.7874164581298828,-0.7189636826515198,1.5063800811767578,1.5249674443045689,0.7868323890186917
eye_lmk_x_14,eye_landmark_2d,0.7929502129554749,-0.7240164279937744,1.5169665813446045,1.53416405558786,0.7910291471962616
eye_lmk_x_15,eye_landmark_2d,0.7877927422523499,-0.7193073034286499,1.5071001052856445,1.5255504452584556,0.7869625778816199
eye_lmk_x_16,eye_landmark_2d,0.7807294726371765,-0.7128580808639526,1.4935874938964844,1.5146145292983104,0.780893691588785
eye_lmk_x_17,eye_landmark_2d,0.7736813426017761,-0.7064226269721985,1.4801039695739746,1.504774235454004,0.7768003602024922
eye_lmk_x_18,eye_landmark_2d,0.7675657272338867,-0.7008386850357056,1.4684044122695923,1.4970595982430068,0.7743813765576324
eye_lmk_x_19,eye_landmark_2d,0.7626209855079651,-0.696323812007904,1.4589447975158691,1.4913143918372933,0.7721479361370716
eye_lmk_x_20,eye_landmark_2d,0.7736913561820984,-0.7064317464828491,1.4801230430603027,1.5043668568114459,0.7773590829439252
eye_lmk_x_21,eye_landmark_2d,0.7769942283630371,-0.7094475030899048,1.486441731452942,1.508866695308815,0.7790011098130841
eye_lmk_x_22,eye_landmark_2d,0.7800456881523132,-0.7122337818145752,1.4922795295715332,1.513121876267596,0.7805477219626168
eye_lmk_x_23,eye_landmark_2d,0.7811101078987122,-0.7132055759429932,1.4943156242370605,1.5146182517197662,0.7813841121495327
eye_lmk_x_24,eye_landmark_2d,0.7796083092689514,-0.7118343710899353,1.4914426803588867,1.5124170603356402,0.7803239096573209
eye_lmk_x_25,eye_landmark_2d,0.7763693332672119,-0.7088770270347595,1.4852464199066162,1.50786522599471,0.7786564933800623
eye_lmk_x_26,eye_landmark_2d,0.773245096206665,-0.7060243487358093,1.4792695045471191,1.5036586236314053,0.7769756035825546
eye_lmk_x_27,eye_landmark_2d,0.7721173763275146,-0.7049946784973145,1.477112054824829,1.5022441513597626,0.7764565615264798
eye_lmk_x_28,eye_landmark_2d,0.8401402831077576,-0.7671040892601013,1.6072443723678589,1.6212820383332418,0.8279529984423676
eye_lmk_x_29,eye_landmark_2d,0.8411433696746826,-0.76801997423172,1.6091632843017578,1.6232359595051575,0.828527589563863
eye_lmk_x_30,eye_landmark_2d,0.8448314070701599,-0.7713873982429504,1.6162188053131104,1.6302567353315989,0.8316441783489097
eye_lmk_x_31,eye_landmark_2d,0.8488354682922363,-0.7750433087348938,1.6238787174224854,1.6378484403847202,0.8342020346573209
eye_lmk_x_32,eye_landmark_2d,0.8509160876274109,-0.776943027973175,1.627859115600586,1.6418912059290698,0.8362114972741433
eye_lmk_x_33,eye_landmark_2d,0.8500610589981079,-0.7761623859405518,1.6262234449386597,1.6402458887373135,0.8354821553738319
eye_lmk_x_34,eye_landmark_2d,0.8466701507568359,-0.7730662822723389,1.6197364330291748,1.6336706389905553,0.8325124026479751
eye_lmk_x_35,eye_landmark_2d,0.842391848564148,-0.7691599130630493,1.6115517616271973,1.6254890404311528,0.8301196066978193
eye_lmk_x_36,eye_landmark_2d,0.8384160995483398,-0.7655298113822937,1.6039459705352783,1.6175556143429721,0.8246832359813083
eye_lmk_x_37,eye_landmark_2d,0.8404337167739868,-0.7673720121383667,1.6078057289123535,1.6214916403955506,0.8270014310747663
eye_lmk_x_38,eye_landmark_2d,0.8432636857032776,-0.7699559926986694,1.6132197380065918,1.627001606690185,0.8303577005451712
eye_lmk_x_39,eye_landmark_2d,0.8469352126121521,-0.7733083367347717,1.6202435493469238,1.6341382394417174,0.832860027258567
eye_lmk_x_40,eye_landmark_2d,0.8508517742156982,-0.7768843770027161,1.6277360916137695,1.6417243000958643,0.8356646904205608
eye_lmk_x_41,eye_landmark_2d,0.8544815182685852,-0.7801985740661621,1.6346800327301025,1.6487523637848662,0.8408008372274144
eye_lmk_x_42,eye_landmark_2d,0.8577413558959961,-0.7831750512123108,1.640916347503662,1.655069178544285,0.8462453368380062
eye_lmk_x_43,eye_landmark_2d,0.8552863597869873,-0.7809333801269531,1.6362197399139404,1.6503225198084484,0.8417071553738318
eye_lmk_x_44,eye_landmark_2d,0.8521328568458557,-0.7780541777610779,1.6301870346069336,1.6442053992052719,0.83683132788162
eye_lmk_x_45,eye_landmark_2d,0.8486303687095642,-0.7748560905456543,1.6234865188598633,1.6374219533861325,0.8333941394080997
eye_lmk_x_46,eye_landmark_2d,0.8448981642723083,-0.7714484333992004,1.6163465976715088,1.6301742159203263,0.8314862441588786
eye_lmk_x_47,eye_landmark_2d,0.8413439393043518,-0.7682031393051147,1.6095471382141113,1.6232560639904448,0.8280847157320872
eye_lmk_x_48,eye_landmark_2d,0.8447288274765015,-0.7712937593460083,1.6160225868225098,1.629924985959728,0.8317306756230529
eye_lmk_x_49,eye_landmark_2d,0.846489667892456,-0.7729014754295349,1.6193912029266357,1.6332895914511516,0.8325647780373832
eye_lmk_x_50,eye_landmark_2d,0.847974956035614,-0.7742576599121094,1.6222326755523682,1.636169415485021,0.833300477024922
eye_lmk_x_51,eye_landmark_2d,0.8483554720878601,-0.7746050953865051,1.6229605674743652,1.636902137197994,0.8335782515576323
eye_lmk_x_52,eye_landmark_2d,0.8474287986755371,-0.7737590074539185,1.6211878061294556,1.6350998017874967,0.8330488999221184
eye_lmk_x_53,eye_landmark_2d,0.8456963300704956,-0.7721771597862244,1.6178734302520752,1.6318115231518933,0.8321751070872274
eye_lmk_x_54,eye_landmark_2d,0.8441528677940369,-0.770767867565155,1.614920735359192,1.6288712371425953,0.8311965634735202
eye_lmk_x_55,eye_landmark_2d,0.8437438011169434,-0.7703943252563477,1.614138126373291,1.6280733619567,0.8310822819314642
eye_lmk_y_0,eye_landmark_2d,0.9139094948768616,-0.8344602584838867,1.7483696937561035,1.7537122919417356,0.930638765576324
eye_lmk_y_1,eye_landmark_2d,0.9101429581642151,-0.831021249294281,1.741164207458496,1.746146105998729,0.9283412091121496
eye_lmk_y_2,eye_landmark_2d,0.9084930419921875,-0.829514741897583,1.7380077838897705,1.74285192551704,0.9269023656542056
eye_lmk_y_3,eye_landmark_2d,0.910142719745636,-0.8310209512710571,1.741163730621338,1.7461823449169644,0.9292165887850468
eye_lmk_y_4,eye_landmark_2d,0.9138819575309753,-0.8344351649284363,1.7483171224594116,1.7537097367881422,0.9312157807632399
eye_lmk_y_5,eye_landmark_2d,0.9174804091453552,-0.8377208113670349,1.7552012205123901,1.7609738211795365,0.9332220307632398
eye_lmk_y_6,eye_landmark_2d,0.9186787605285645,-0.8388149738311768,1.7574937343597412,1.7633638272144765,0.9349854653426791
eye_lmk_y_7,eye_landmark_2d,0.917356550693512,-0.8376076817512512,1.7549642324447632,1.7606715304599405,0.9321745716510903
eye_lmk_y_8,eye_landmark_2d,0.9133266806602478,-0.833928108215332,1.7472548484802246,1.752776218840441,0.9301641744548286
eye_lmk_y_9,eye_landmark_2d,0.9121153354644775,-0.8328221440315247,1.7449374198913574,1.7502574517237912,0.9298570482866044
eye_lmk_y_10,eye_landmark_2d,0.9114919900894165,-0.8322529196739197,1.7437448501586914,1.7489375328859196,0.9298086351246106
eye_lmk_y_11,eye_landmark_2d,0.9111019968986511,-0.8318969011306763,1.7429988384246826,1.7481435746119667,0.9298348228193147
eye_lmk_y_12,eye_landmark_2d,0.911457359790802,-0.8322213292121887,1.7436786890029907,1.7489215830288096,0.9299760903426791
eye_lmk_y_13,eye_landmark_2d,0.9123454093933105,-0.8330320715904236,1.745377540588379,1.7508133590604156,0.9304197429906542
eye_lmk_y_14,eye_landmark_2d,0.914013683795929,-0.8345553874969482,1.7485690116882324,1.7542572174128201,0.9311776869158879
eye_lmk_y_15,eye_landmark_2d,0.9155675768852234,-0.8359742760658264,1.7515418529510498,1.757329873635827,0.9317919197819315
eye_lmk_y_16,eye_landmark_2d,0.9163832664489746,-0.8367190361022949,1.7531023025512695,1.7589043967945128,0.9320204828660437
eye_lmk_y_17,eye_landmark_2d,0.9166035652160645,-0.8369202017784119,1.753523826599121,1.7593224283953146,0.9319379478193147
eye_lmk_y_18,eye_landmark_2d,0.916008710861206,-0.8363770246505737,1.7523857355117798,1.758144084009933,0.931576839953271
eye_lmk_y_19,eye_landmark_2d,0.9149330258369446,-0.8353947997093201,1.7503278255462646,1.7560042660087165,0.9307974980529595
eye_lmk_y_20,eye_landmark_2d,0.9154762029647827,-0.8358907699584961,1.7513669729232788,1.756897991888256,0.9313157320872274
eye_lmk_y_21,eye_landmark_2d,0.9161103367805481,-0.8364697694778442,1.752580165863037,1.7581842354432582,0.9319380743769471
eye_lmk_y_22,eye_landmark_2d,0.9154433608055115,-0.8358608484268188,1.7513041496276855,1.7568514578019556,0.9315157320872275
eye_lmk_y_23,eye_landmark_2d,0.9138257503509521,-0.8343838453292847,1.7482095956802368,1.7536032616866757,0.9310062597352025
eye_lmk_y_24,eye_landmark_2d,0.9121511578559875,-0.8328548073768616,1.7450059652328491,1.7502390290268857,0.9303181464174455
eye_lmk_y_25,eye_landmark_2d,0.911445140838623,-0.8322101831436157,1.7436553239822388,1.748814429222663,0.9299578368380063
eye_lmk_y_26,eye_landmark_2d,0.9121732711791992,-0.8328750133514404,1.7450482845306396,1.7502660087719057,0.930200691199377
eye_lmk_y_27,eye_landmark_2d,0.9138638973236084,-0.8344185948371887,1.7482824325561523,1.7536546797703487,0.9306466997663551
eye_lmk_y_28,eye_landmark_2d,0.9160104990005493,-0.8363786339759827,1.7523891925811768,1.7578642187956177,0.9334983255451714
eye_lmk_y_29,eye_landmark_2d,0.9120610356330872,-0.8327725529670715,1.7448335886001587,1.749922524207047,0.9299428056853583
eye_lmk_y_30,eye_landmark_2d,0.9100029468536377,-0.830893337726593,1.740896224975586,1.7458513584633033,0.9285937013239876
eye_lmk_y_31,eye_landmark_2d,0.9113907814025879,-0.8321605324745178,1.743551254272461,1.7486694283017805,0.9310555490654205
eye_lmk_y_32,eye_landmark_2d,0.915172815322876,-0.8356137871742249,1.750786542892456,1.7562632361389263,0.9339673578660436
eye_lmk_y_33,eye_landmark_2d,0.9188042879104614,-0.8389295339584351,1.7577338218688965,1.7635745731779906,0.9355498539719626
eye_lmk_y_34,eye_landmark_2d,0.9203935265541077,-0.8403806686401367,1.7607741355895996,1.7667607592188135,0.9364982476635515
eye_lmk_y_35,eye_landmark_2d,0.9195698499679565,-0.8396285772323608,1.7591984272003174,1.7650704287958032,0.9352800330996884
eye_lmk_y_36,eye_landmark_2d,0.9158329963684082,-0.8362166285514832,1.7520496845245361,1.7578197605940815,0.9334586448598131
eye_lmk_y_37,eye_landmark_2d,0.9141592383384705,-0.8346883654594421,1.7488476037979126,1.7543643984415274,0.9324467679127726
eye_lmk_y_38,eye_landmark_2d,0.9129661321640015,-0.8335989713668823,1.7465651035308838,1.7518867667643239,0.9318253602024922
eye_lmk_y_39,eye_landmark_2d,0.9123833179473877,-0.8330668210983276,1.7454501390457153,1.7506922589668656,0.9317055295950155
eye_lmk_y_40,eye_landmark_2d,0.9126489758491516,-0.8333093523979187,1.7459583282470703,1.7512647752487867,0.931883284657321
eye_lmk_y_41,eye_landmark_2d,0.9133812785148621,-0.8339779376983643,1.747359275817871,1.7528051314544242,0.9323943925233645
eye_lmk_y_42,eye_landmark_2d,0.9146227836608887,-0.835111677646637,1.7497344017028809,1.7554029710200365,0.9334991238317757
eye_lmk_y_43,eye_landmark_2d,0.9162705540657043,-0.836616039276123,1.7528865337371826,1.758697160006198,0.9347522683021807
eye_lmk_y_44,eye_landmark_2d,0.9172581434249878,-0.8375178575515747,1.7547760009765625,1.7606571041956955,0.935132418224299
eye_lmk_y_45,eye_landmark_2d,0.9177692532539368,-0.8379845023155212,1.755753755569458,1.7616604285174022,0.9353165401090343
eye_lmk_y_46,eye_landmark_2d,0.9176895022392273,-0.83791184425354,1.755601406097412,1.7614999913352296,0.9352871787383178
eye_lmk_y_47,eye_landmark_2d,0.9172191619873047,-0.8374822735786438,1.7547013759613037,1.7605777360720336,0.934973695482866
eye_lmk_y_48,eye_landmark_2d,0.9174022078514099,-0.8376493453979492,1.755051612854004,1.7607032300400867,0.9347244937694704
eye_lmk_y_49,eye_landmark_2d,0.9179150462150574,-0.8381176590919495,1.7560327053070068,1.7617482653677163,0.9348919489875389
eye_lmk_y_50,eye_landmark_2d,0.9171620011329651,-0.8374300599098206,1.7545920610427856,1.7602424739632916,0.9347808411214953
eye_lmk_y_51,eye_landmark_2d,0.9155186414718628,-0.8359296321868896,1.7514482736587524,1.7569357226365727,0.9339395833333334
eye_lmk_y_52,eye_landmark_2d,0.9139023423194885,-0.8344537615776062,1.7483561038970947,1.753676553133657,0.9325642231308412
eye_lmk_y_53,eye_landmark_2d,0.9133256673812866,-0.8339272737503052,1.7472529411315918,1.7525036120149138,0.9318539232866044
eye_lmk_y_54,eye_landmark_2d,0.9141725897789001,-0.8347004652023315,1.748872995376587,1.7541913540808856,0.9324332749221185
eye_lmk_y_55,eye_landmark_2d,0.9158799648284912,-0.8362594842910767,1.7521394491195679,1.7576261547848577,0.9337046728971963
eye_lmk_X_0,eye_landmark_3d,-0.22029705345630646,0.20114591717720032,0.42144298553466797,0.4993526869613181,0.2587472059968847
eye_lmk_X_1,eye_landmark_3d,-0.2201678603887558,0.20102792978286743,0.4211958050727844,0.49823303548757375,0.2589987441588785
eye_lmk_X_2,eye_landmark_3d,-0.22035092115402222,0.2011951059103012,0.4215460419654846,0.4977567247399364,0.2598130159657321
eye_lmk_X_3,eye_landmark_3d,-0.22065506875514984,0.20147278904914856,0.4221278429031372,0.49813087325995026,0.26041142912772586
eye_lmk_X_4,eye_landmark_3d,-0.2208695411682129,0.2016686350107193,0.422538161277771,0.4991104141745162,0.26017081386292834
eye_lmk_X_5,eye_landmark_3d,-0.22108380496501923,0.20186425745487213,0.42294806241989136,0.5001786202890769,0.25976554711838007
eye_lmk_X_6,eye_landmark_3d,-0.22087085247039795,0.2016698122024536,0.42254066467285156,0.5006672422761278,0.25939767328660435
eye_lmk_X_7,eye_landmark_3d,-0.22062262892723083,0.201443150639534,0.422065794467926,0.500389408361464,0.25919855919003115
eye_lmk_X_8,eye_landmark_3d,-0.2208252251148224,0.201628178358078,0.4224534034729004,0.4984421040802455,0.2583624513239875
eye_lmk_X_9,eye_landmark_3d,-0.21963319182395935,0.20053976774215698,0.42017295956611633,0.49732008146302237,0.25760438084112147
eye_lmk_X_10,eye_landmark_3d,-0.2195819914340973,0.2004930078983307,0.420074999332428,0.4978673332599741,0.2579908781152648
eye_lmk_X_11,eye_landmark_3d,-0.22035926580429077,0.20120270550251007,0.42156195640563965,0.4989749507061951,0.25902496105919004
eye_lmk_X_12,eye_landmark_3d,-0.2214217483997345,0.20217283070087433,0.42359459400177,0.49985462744008746,0.25979240654205604
eye_lmk_X_13,eye_landmark_3d,-0.2223358452320099,0.20300744473934174,0.42534327507019043,0.5003688658539733,0.2604511487538941
eye_lmk_X_14,eye_landmark_3d,-0.22294680774211884,0.2035652995109558,0.42651212215423584,0.5004861773717104,0.26076070872274143
eye_lmk_X_15,eye_landmark_3d,-0.2221907526254654,0.20287497341632843,0.4250657260417938,0.5005636342183717,0.26016626752336447
eye_lmk_X_16,eye_landmark_3d,-0.22106052935123444,0.2018430083990097,0.42290353775024414,0.5001030886610464,0.25918135708722745
eye_lmk_X_17,eye_landmark_3d,-0.2204165905714035,0.20125506818294525,0.42167165875434875,0.4997133837258544,0.25854130646417445
eye_lmk_X_18,eye_landmark_3d,-0.2200709581375122,0.20093944668769836,0.42101040482521057,0.49900509484461775,0.2581589077102804
eye_lmk_X_19,eye_landmark_3d,-0.2200983166694641,0.20096443593502045,0.42106276750564575,0.4982407869233316,0.2579663746105919
eye_lmk_X_20,eye_landmark_3d,-0.2211240977048874,0.20190104842185974,0.42302513122558594,0.4999841930861912,0.2592154789719626
eye_lmk_X_21,eye_landmark_3d,-0.22108756005764008,0.20186765491962433,0.4229552149772644,0.49985011599853757,0.2596186429127726
eye_lmk_X_22,eye_landmark_3d,-0.22097870707511902,0.20176829397678375,0.42274701595306396,0.49937934996641703,0.2597710377725857
eye_lmk_X_23,eye_landmark_3d,-0.22087235748767853,0.20167119801044464,0.42254355549812317,0.49881913932474214,0.25976229556074765
eye_lmk_X_24,eye_landmark_3d,-0.22082868218421936,0.2016313225030899,0.42246001958847046,0.4985127512270062,0.2598574863707165
eye_lmk_X_25,eye_landmark_3d,-0.2208508402109146,0.20165154337882996,0.42250239849090576,0.4986205169593535,0.25977414330218074
eye_lmk_X_26,eye_landmark_3d,-0.22093914449214935,0.20173215866088867,0.4226713180541992,0.4991127418357269,0.25941066978193145
eye_lmk_X_27,eye_landmark_3d,-0.22105325758457184,0.20183634757995605,0.4228895902633667,0.49967115198823203,0.2592130841121495
eye_lmk_X_28,eye_landmark_3d,-0.2040320783853531,0.18629488348960876,0.39032697677612305,0.4940372563326174,0.25621785436137073
eye_lmk_X_29,eye_landmark_3d,-0.20362800359725952,0.1859259456396103,0.389553964138031,0.4925919085014214,0.2561710377725857
eye_lmk_X_30,eye_landmark_3d,-0.20362697541713715,0.18592500686645508,0.3895519971847534,0.49154668638755794,0.2564669781931464
eye_lmk_X_31,eye_landmark_3d,-0.20401161909103394,0.18627622723579407,0.390287846326828,0.4915377145971932,0.25699554127725854
eye_lmk_X_32,eye_landmark_3d,-0.20447540283203125,0.18669965863227844,0.3911750614643097,0.4924535399573853,0.2567987636292835
eye_lmk_X_33,eye_landmark_3d,-0.2047612965106964,0.18696071207523346,0.39172202348709106,0.4937393683335651,0.2561963882398754
eye_lmk_X_34,eye_landmark_3d,-0.20477691292762756,0.18697497248649597,0.39175188541412354,0.4947483466558648,0.25635400116822427
eye_lmk_X_35,eye_landmark_3d,-0.2044563889503479,0.1866823136806488,0.3911387026309967,0.49486970715715156,0.25608338200934583
eye_lmk_X_36,eye_landmark_3d,-0.20132023096084595,0.18381880223751068,0.3851390480995178,0.49071127048739765,0.25319656347352026
eye_lmk_X_37,eye_landmark_3d,-0.201005756855011,0.18353167176246643,0.3845374286174774,0.490088314582844,0.2542004380841122
eye_lmk_X_38,eye_landmark_3d,-0.20124371349811554,0.18374891579151154,0.3849926292896271,0.4899406444937963,0.25513053933021806
eye_lmk_X_39,eye_landmark_3d,-0.20234408974647522,0.1847536414861679,0.38709771633148193,0.4903686689054499,0.2568162285825545
eye_lmk_X_40,eye_landmark_3d,-0.20387567579746246,0.18615208566188812,0.3900277614593506,0.49085826827058987,0.25742022975077883
eye_lmk_X_41,eye_landmark_3d,-0.2047436386346817,0.18694458901882172,0.3916882276535034,0.49065433590463836,0.25655265771028035
eye_lmk_X_42,eye_landmark_3d,-0.20439967513084412,0.18663053214550018,0.3910301923751831,0.4895339194958112,0.2556657904984424
eye_lmk_X_43,eye_landmark_3d,-0.20458991825580597,0.18680423498153687,0.39139413833618164,0.49108985896976853,0.25553291471962614
eye_lmk_X_44,eye_landmark_3d,-0.20403197407722473,0.1862947940826416,0.39032676815986633,0.491757650072826,0.2559979945482866
eye_lmk_X_45,eye_landmark_3d,-0.20323747396469116,0.1855693757534027,0.38880684971809387,0.49188234981727613,0.2555099591121495
eye_lmk_X_46,eye_landmark_3d,-0.202570840716362,0.18496067821979523,0.3875315189361572,0.4917681022236181,0.25510438084112147
eye_lmk_X_47,eye_landmark_3d,-0.20185504853725433,0.18430711328983307,0.3861621618270874,0.49124406620304906,0.2539885903426792
eye_lmk_X_48,eye_landmark_3d,-0.2041904777288437,0.18643952906131744,0.39063000679016113,0.4934661971509156,0.2552571943146418
eye_lmk_X_49,eye_landmark_3d,-0.20427922904491425,0.1865205615758896,0.39079979062080383,0.4933818796808469,0.25533656542056077
eye_lmk_X_50,eye_landmark_3d,-0.20423275232315063,0.1864781230688095,0.39071089029312134,0.4929315939368276,0.25500640576323985
eye_lmk_X_51,eye_landmark_3d,-0.20407511293888092,0.18633417785167694,0.39040929079055786,0.492341606344463,0.25503291471962614
eye_lmk_X_52,eye_landmark_3d,-0.2038918137550354,0.18616680800914764,0.39005863666534424,0.49197466194516704,0.2550788746105919
eye_lmk_X_53,eye_landmark_3d,-0.20377692580223083,0.18606191873550415,0.389838844537735,0.49200985838657496,0.25509003115264794
eye_lmk_X_54,eye_landmark_3d,-0.20382362604141235,0.18610458076000214,0.3899282217025757,0.4924860131110919,0.2550679030373832
eye_lmk_X_55,eye_landmark_3d,-0.20399940013885498,0.18626505136489868,0.39026445150375366,0.4930948362121943,0.2552250486760125
eye_lmk_Y_0,eye_landmark_3d,0.3707502484321594,-0.3385196626186371,0.7092698812484741,0.8743589675788553,0.49343086059190033
eye_lmk_Y_1,eye_landmark_3d,0.3719852566719055,-0.3396473228931427,0.7116326093673706,0.8753940599638533,0.4918054711838007
eye_lmk_Y_2,eye_landmark_3d,0.3724258244037628,-0.3400496542453766,0.7124754786491394,0.8759965918958229,0.4921031347352025
eye_lmk_Y_3,eye_landmark_3d,0.3717751204967499,-0.3394554555416107,0.7112305760383606,0.8757046215397498,0.49412611954828656
eye_lmk_Y_4,eye_landmark_3d,0.3704681694507599,-0.338262140750885,0.7087303400039673,0.8747716941065048,0.4958078271028038
eye_lmk_Y_5,eye_landmark_3d,0.3690355122089386,-0.3369539976119995,0.7059894800186157,0.8734858518346678,0.49679276674454825
eye_lmk_Y_6,eye_landmark_3d,0.3690232038497925,-0.33694276213645935,0.7059659957885742,0.8735136756780859,0.49725459501557634
eye_lmk_Y_7,eye_landmark_3d,0.36956101655960083,-0.3374338448047638,0.706994891166687,0.8736484210577,0.4956760514018691
eye_lmk_Y_8,eye_landmark_3d,0.36356624960899353,-0.3319602310657501,0.6955264806747437,0.8623314532345598,0.4786233352803738
eye_lmk_Y_9,eye_landmark_3d,0.36618202924728394,-0.33434855937957764,0.7005305886268616,0.8661548885940018,0.4807915595794392
eye_lmk_Y_10,eye_landmark_3d,0.36840954422950745,-0.3363824784755707,0.7047920227050781,0.869680855039616,0.4835580607476636
eye_lmk_Y_11,eye_landmark_3d,0.36912286281585693,-0.33703377842903137,0.7061566114425659,0.8709863721984596,0.48576996690031155
eye_lmk_Y_12,eye_landmark_3d,0.3673749566078186,-0.3354378342628479,0.7028127908706665,0.8687084012836491,0.4844454147196261
eye_lmk_Y_13,eye_landmark_3d,0.3646557629108429,-0.332955002784729,0.6976107358932495,0.8650615663756789,0.48191535241433026
eye_lmk_Y_14,eye_landmark_3d,0.36236143112182617,-0.3308601677417755,0.6932215690612793,0.8623779407835306,0.4829440031152648
eye_lmk_Y_15,eye_landmark_3d,0.3631700277328491,-0.3315984308719635,0.6947684288024902,0.8640196344780533,0.48402890381619934
eye_lmk_Y_16,eye_landmark_3d,0.36458101868629456,-0.33288678526878357,0.6974678039550781,0.8662762942457549,0.4845676012461059
eye_lmk_Y_17,eye_landmark_3d,0.36510881781578064,-0.3333686888217926,0.6984775066375732,0.8669262835069302,0.4852136390186916
eye_lmk_Y_18,eye_landmark_3d,0.3645781874656677,-0.33288419246673584,0.6974623799324036,0.8655950059661575,0.48326842873831777
eye_lmk_Y_19,eye_landmark_3d,0.36376553773880005,-0.3321421444416046,0.695907711982727,0.8635748858776716,0.4806320288161994
eye_lmk_Y_20,eye_landmark_3d,0.3696609139442444,-0.33752506971359253,0.7071859836578369,0.8734742459057538,0.49446889602803745
eye_lmk_Y_21,eye_landmark_3d,0.3694630563259125,-0.3373444378376007,0.7068074941635132,0.8735165860034585,0.495414972741433
eye_lmk_Y_22,eye_landmark_3d,0.3695529103279114,-0.33742642402648926,0.7069793343544006,0.8735777185948209,0.4951967192367601
eye_lmk_Y_23,eye_landmark_3d,0.3698580861091614,-0.3377051055431366,0.7075631618499756,0.8736126379514834,0.4936197624610592
eye_lmk_Y_24,eye_landmark_3d,0.3702293932437897,-0.338044136762619,0.7082735300064087,0.8736390763831223,0.4924554906542056
eye_lmk_Y_25,eye_landmark_3d,0.3704145550727844,-0.3382132053375244,0.7086277604103088,0.873589532787623,0.4913618769470405
eye_lmk_Y_26,eye_landmark_3d,0.37030449509620667,-0.3381126821041107,0.7084171772003174,0.8734890447792301,0.491458703271028
eye_lmk_Y_27,eye_landmark_3d,0.3699771463871002,-0.3378137946128845,0.7077909708023071,0.8734218942755771,0.49258961253894085
eye_lmk_Y_28,eye_landmark_3d,0.3686625361442566,-0.3366134762763977,0.7052760124206543,0.8786772524338443,0.4957570482866044
eye_lmk_Y_29,eye_landmark_3d,0.3695420026779175,-0.33741647005081177,0.7069584727287292,0.8789300379373834,0.4934610786604361
eye_lmk_Y_30,eye_landmark_3d,0.3700252175331116,-0.3378576636314392,0.7078828811645508,0.8787742151625736,0.4907578271028038
eye_lmk_Y_31,eye_landmark_3d,0.36975666880607605,-0.337612509727478,0.7073692083358765,0.8781546684306757,0.48892058021806856
eye_lmk_Y_32,eye_landmark_3d,0.36886221170425415,-0.3367958068847656,0.7056580185890198,0.8774105584945546,0.48882205023364483
eye_lmk_Y_33,eye_landmark_3d,0.3680020570755005,-0.3360104262828827,0.7040125131607056,0.8771972338053703,0.49064829633956386
eye_lmk_Y_34,eye_landmark_3d,0.3676625192165375,-0.3357003927230835,0.7033629417419434,0.8775976717931834,0.493047468847352
eye_lmk_Y_35,eye_landmark_3d,0.36767107248306274,-0.3357082009315491,0.7033792734146118,0.8778842321638421,0.49527930295950157
eye_lmk_Y_36,eye_landmark_3d,0.35930055379867554,-0.3280653655529022,0.6873658895492554,0.8643507997106042,0.48663915498442367
eye_lmk_Y_37,eye_landmark_3d,0.36198708415031433,-0.33051833510398865,0.692505419254303,0.8674506537099423,0.4852287869937695
eye_lmk_Y_38,eye_landmark_3d,0.36503109335899353,-0.3332977294921875,0.6983288526535034,0.8714485257817821,0.48378122079439245
eye_lmk_Y_39,eye_landmark_3d,0.3670344948768616,-0.33512696623802185,0.702161431312561,0.8739661002158456,0.4820215147975079
eye_lmk_Y_40,eye_landmark_3d,0.3662811815738678,-0.33443912863731384,0.7007203102111816,0.8724079683913065,0.4800351148753894
eye_lmk_Y_41,eye_landmark_3d,0.3639112412929535,-0.33227524161338806,0.6961864829063416,0.868509891450405,0.4778577978971963
eye_lmk_Y_42,eye_landmark_3d,0.3608779311180115,-0.32950559258461,0.6903835535049438,0.8639657957341033,0.47671919781931466
eye_lmk_Y_43,eye_landmark_3d,0.36138349771499634,-0.3299672305583954,0.6913506984710693,0.8655043760720882,0.4777873929127726
eye_lmk_Y_44,eye_landmark_3d,0.36230674386024475,-0.33081021904945374,0.6931169629096985,0.8677138782501764,0.4823071359034268
eye_lmk_Y_45,eye_landmark_3d,0.36285966634750366,-0.3313150405883789,0.6941747069358826,0.8692624582742526,0.48495473130841127
eye_lmk_Y_46,eye_landmark_3d,0.3622412383556366,-0.33075037598609924,0.6929916143417358,0.8687274038455217,0.4856129964953271
eye_lmk_Y_47,eye_landmark_3d,0.36067378520965576,-0.32931920886039734,0.6899930238723755,0.8665206232535132,0.48725179127725854
eye_lmk_Y_48,eye_landmark_3d,0.36785295605659485,-0.3358742892742157,0.7037272453308105,0.877289139447061,0.4928570677570093
eye_lmk_Y_49,eye_landmark_3d,0.36774778366088867,-0.33577829599380493,0.7035260796546936,0.8770492185961685,0.49202213785046733
eye_lmk_Y_50,eye_landmark_3d,0.36791834235191345,-0.33593398332595825,0.7038522958755493,0.8768873572785434,0.4907713492990654
eye_lmk_Y_51,eye_landmark_3d,0.368221253156662,-0.33621057868003845,0.7044318318367004,0.8768682028481303,0.4900990556853582
eye_lmk_Y_52,eye_landmark_3d,0.36853477358818054,-0.3364968001842499,0.7050315737724304,0.8770626550079212,0.49016727998442366
eye_lmk_Y_53,eye_landmark_3d,0.36864835023880005,-0.33660057187080383,0.7052489519119263,0.8773166859254722,0.49082940031152644
eye_lmk_Y_54,eye_landmark_3d,0.3684828579425812,-0.33644944429397583,0.7049323320388794,0.8774662733632445,0.4923173578660436
eye_lmk_Y_55,eye_landmark_3d,0.36814582347869873,-0.3361416757106781,0.7042875289916992,0.8774446954905993,0.4929117990654206
eye_lmk_Z_0,eye_landmark_3d,0.15910813212394714,-0.14527633786201477,0.3043844699859619,0.4651206745076959,0.16472473714953273
eye_lmk_Z_1,eye_landmark_3d,0.15661557018756866,-0.14300046861171722,0.2996160387992859,0.4639384690465278,0.16393434579439248
eye_lmk_Z_2,eye_landmark_3d,0.15573924779891968,-0.1422002911567688,0.2979395389556885,0.46414463825787033,0.16370971573208726
eye_lmk_Z_3,eye_landmark_3d,0.15698981285095215,-0.14334218204021454,0.3003320097923279,0.4656176214861356,0.1646704244548286
eye_lmk_Z_4,eye_landmark_3d,0.1596352756023407,-0.14575766026973724,0.30539292097091675,0.4675510369188216,0.16587595404984423
eye_lmk_Z_5,eye_landmark_3d,0.16227364540100098,-0.14816665649414062,0.3104403018951416,0.4689972947496423,0.16654179322429907
eye_lmk_Z_6,eye_landmark_3d,0.16301488876342773,-0.148843452334404,0.3118583559989929,0.4686304404898443,0.16621798091900308
eye_lmk_Z_7,eye_landmark_3d,0.16176196932792664,-0.14769946038722992,0.30946141481399536,0.4670684879733935,0.1655120716510904
eye_lmk_Z_8,eye_landmark_3d,0.15715768933296204,-0.14349544048309326,0.3006531298160553,0.46417679125208555,0.16446356113707172
eye_lmk_Z_9,eye_landmark_3d,0.1569768786430359,-0.14333033561706543,0.3003072142601013,0.46438429451080776,0.1641659949376948
eye_lmk_Z_10,eye_landmark_3d,0.15725156664848328,-0.14358115196228027,0.30083271861076355,0.46482405394590776,0.16419063473520246
eye_lmk_Z_11,eye_landmark_3d,0.15750755369663239,-0.14381487667560577,0.30132243037223816,0.4657428792446015,0.1643874902647975
eye_lmk_Z_12,eye_landmark_3d,0.15770548582077026,-0.14399564266204834,0.3017011284828186,0.4669728961455236,0.1649918224299065
eye_lmk_Z_13,eye_landmark_3d,0.15807028114795685,-0.14432871341705322,0.3023989796638489,0.46820096390828464,0.16566484618380062
eye_lmk_Z_14,eye_landmark_3d,0.1589098423719406,-0.14509525895118713,0.30400508642196655,0.46946184135116004,0.16599183216510904
eye_lmk_Z_15,eye_landmark_3d,0.15977317094802856,-0.14588356018066406,0.3056567311286926,0.4695140264789686,0.1662116335669782
eye_lmk_Z_16,eye_landmark_3d,0.16017688810825348,-0.14625218510627747,0.30642908811569214,0.46899164571389235,0.16597433800623052
eye_lmk_Z_17,eye_landmark_3d,0.1601610779762268,-0.14623773097991943,0.30639880895614624,0.4680761051122027,0.16560492601246113
eye_lmk_Z_18,eye_landmark_3d,0.1597808450460434,-0.14589056372642517,0.3056713938713074,0.46694511299588337,0.16522867017133958
eye_lmk_Z_19,eye_landmark_3d,0.15872518718242645,-0.14492666721343994,0.3036518692970276,0.46569270943492425,0.16490804127725855
eye_lmk_Z_20,eye_landmark_3d,0.16032010316848755,-0.14638294279575348,0.30670303106307983,0.4665832332947457,0.1651148559190031
eye_lmk_Z_21,eye_landmark_3d,0.16083893179893494,-0.14685668051242828,0.3076956272125244,0.46727264756048503,0.1654838979750779
eye_lmk_Z_22,eye_landmark_3d,0.16043375432491302,-0.14648671448230743,0.30692046880722046,0.4673830341809011,0.16558387850467293
eye_lmk_Z_23,eye_landmark_3d,0.15933676064014435,-0.14548508822917938,0.30482184886932373,0.4668453667716027,0.1651934384735203
eye_lmk_Z_24,eye_landmark_3d,0.15819622576236725,-0.14444372057914734,0.3026399612426758,0.4659937511842259,0.16475454633956388
eye_lmk_Z_25,eye_landmark_3d,0.15767696499824524,-0.1439695805311203,0.30164653062820435,0.46531846822592876,0.1644394762461059
eye_lmk_Z_26,eye_landmark_3d,0.158084437251091,-0.1443416327238083,0.3024260699748993,0.4652137458516888,0.16434698208722742
eye_lmk_Z_27,eye_landmark_3d,0.15917779505252838,-0.1453399360179901,0.3045177459716797,0.46572802049614337,0.16470453660436146
eye_lmk_Z_28,eye_landmark_3d,0.18387457728385925,-0.16788974404335022,0.3517643213272095,0.48756168621378504,0.1923003991433021
eye_lmk_Z_29,eye_landmark_3d,0.18106375634670258,-0.16532327234745026,0.34638702869415283,0.48530328100278364,0.19124889992211835
eye_lmk_Z_30,eye_landmark_3d,0.1785745769739151,-0.16305048763751984,0.34162506461143494,0.483938999690897,0.19071395054517137
eye_lmk_Z_31,eye_landmark_3d,0.17786799371242523,-0.1624053418636322,0.34027332067489624,0.48418832561077374,0.19096559579439254
eye_lmk_Z_32,eye_landmark_3d,0.17935711145401,-0.1637650430202484,0.3431221544742584,0.4859069975230615,0.19220599688473516
eye_lmk_Z_33,eye_landmark_3d,0.18217232823371887,-0.16633547842502594,0.348507821559906,0.4881226804170825,0.1933941102024922
eye_lmk_Z_34,eye_landmark_3d,0.18465986847877502,-0.16860677301883698,0.3532666563987732,0.4895862214718075,0.19378778232087224
eye_lmk_Z_35,eye_landmark_3d,0.1856071949005127,-0.16947172582149506,0.35507893562316895,0.489563887746737,0.1933495911214953
eye_lmk_Z_36,eye_landmark_3d,0.18358369171619415,-0.16762417554855347,0.3512078523635864,0.4892602073078576,0.1922145443925234
eye_lmk_Z_37,eye_landmark_3d,0.18229614198207855,-0.16644851863384247,0.348744660615921,0.4879869010940062,0.19200516939252332
eye_lmk_Z_38,eye_landmark_3d,0.18121331930160522,-0.16545982658863068,0.3466731309890747,0.48690583367945484,0.1918131230529595
eye_lmk_Z_39,eye_landmark_3d,0.17990340292453766,-0.1642637997865677,0.34416720271110535,0.485914089447046,0.19188620521806854
eye_lmk_Z_40,eye_landmark_3d,0.17834626138210297,-0.1628420203924179,0.3411882817745209,0.48525578561387306,0.1916155763239875
eye_lmk_Z_41,eye_landmark_3d,0.17701636254787445,-0.16162772476673126,0.3386440873146057,0.485020778997256,0.19142989680685363
eye_lmk_Z_42,eye_landmark_3d,0.17649658024311066,-0.1611531525850296,0.33764973282814026,0.48505171245203976,0.19133141549844235
eye_lmk_Z_43,eye_landmark_3d,0.17842447757720947,-0.16291344165802002,0.3413379192352295,0.48673045548484295,0.19251547897196264
eye_lmk_Z_44,eye_landmark_3d,0.18012313544750214,-0.16446441411972046,0.3445875644683838,0.48794204488056,0.1931370035046729
eye_lmk_Z_45,eye_landmark_3d,0.1814137101173401,-0.16564281284809113,0.34705650806427,0.48881949790565005,0.1932877823208723
eye_lmk_Z_46,eye_landmark_3d,0.18260282278060913,-0.16672854125499725,0.3493313789367676,0.4894170393827161,0.19315604556074772
eye_lmk_Z_47,eye_landmark_3d,0.18344448506832123,-0.16749703884124756,0.35094153881073,0.4896582181264339,0.19268929127725853
eye_lmk_Z_48,eye_landmark_3d,0.18321651220321655,-0.1672888994216919,0.35050541162490845,0.4878445709659374,0.1927599980529595
eye_lmk_Z_49,eye_landmark_3d,0.18291021883487701,-0.16700923442840576,0.3499194383621216,0.4879399604587966,0.1930853874610592
eye_lmk_Z_50,eye_landmark_3d,0.18182992935180664,-0.16602285206317902,0.34785276651382446,0.4873106647778895,0.19281791277258564
eye_lmk_Z_51,eye_landmark_3d,0.1806066334247589,-0.16490589082241058,0.3455125093460083,0.4863453046566267,0.1924012753115265
eye_lmk_Z_52,eye_landmark_3d,0.17995834350585938,-0.16431398689746857,0.34427231550216675,0.48559525351991323,0.19188144470404989
eye_lmk_Z_53,eye_landmark_3d,0.180261492729187,-0.1645907610654831,0.3448522686958313,0.4854904497691107,0.19163858060747663
eye_lmk_Z_54,eye_landmark_3d,0.1813419759273529,-0.16557729244232178,0.3469192683696747,0.4861000166410852,0.19178143496884736
eye_lmk_Z_55,eye_landmark_3d,0.18256424367427826,-0.1666933298110962,0.34925758838653564,0.4870716404905937,0.19222978971962612
pose_Tx,head_pose,-0.08478993922472,0.07741886377334595,0.16220879554748535,0.16221089113857276,0.24770173286604363
pose_Ty,head_pose,-0.08339399099349976,0.0761442705988884,0.15953826904296875,0.15960950300157367,0.4950383080218068
pose_Tz,head_pose,0.08420749008655548,-0.07688706368207932,0.1610945463180542,0.16110511933653532,0.15530630841121496
pose_Rx,head_pose,-0.029769103974103928,0.027181176468729973,0.05695027858018875,0.32812184987140225,0.10918069509345793
pose_Ry,head_pose,-0.0726974681019783,0.06637763977050781,0.13907510042190552,0.3947074818832087,0.17180696066978196
pose_Rz,head_pose,-0.0035732504911720753,0.0032626099418848753,0.006835860200226307,0.22041674925069799,0.05873823014018692
x_0,face_landmark_2d,0.7251783013343811,-0.6621361374855042,1.3873144388198853,1.4539792811492047,0.753824522975078
x_1,face_landmark_2d,0.7312653660774231,-0.6676940321922302,1.3989593982696533,1.4595587609549285,0.7546967192367602
x_2,face_landmark_2d,0.7422911524772644,-0.6777613162994385,1.4200525283813477,1.4710526386302067,0.7588590634735203
x_3,face_landmark_2d,0.7570189237594604,-0.6912087202072144,1.4482276439666748,1.487961217150688,0.767303777258567
x_4,face_landmark_2d,0.77397221326828,-0.7066882848739624,1.4806604385375977,1.507334392298261,0.774712402647975
x_5,face_landmark_2d,0.7931703329086304,-0.7242172956466675,1.5173876285552979,1.5331510539670083,0.7802455023364485
x_6,face_landmark_2d,0.8103034496307373,-0.739861011505127,1.5501644611358643,1.5628381932929214,0.7909039038161993
x_7,face_landmark_2d,0.8259458541870117,-0.7541435956954956,1.5800894498825073,1.5926853278274902,0.8001742795950155
x_8,face_landmark_2d,0.842845618724823,-0.7695742249488831,1.612419843673706,1.6253372972986,0.8166587324766355
x_9,face_landmark_2d,0.8581963777542114,-0.7835904955863953,1.641786813735962,1.6552136112309068,0.8369653232087227
x_10,face_landmark_2d,0.8701252937316895,-0.7944823503494263,1.6646076440811157,1.6786115743855325,0.8599226635514019
x_11,face_landmark_2d,0.8784610629081726,-0.802093505859375,1.6805546283721924,1.6950178417479698,0.8840592873831776
x_12,face_landmark_2d,0.8839564919471741,-0.8071112632751465,1.6910676956176758,1.7057965251072007,0.8938433800623052
x_13,face_landmark_2d,0.8866612911224365,-0.8095808625221252,1.696242094039917,1.711049889132504,0.8988067951713395
x_14,face_landmark_2d,0.8876503705978394,-0.810483992099762,1.698134422302246,1.7129048098967163,0.9028433216510904
x_15,face_landmark_2d,0.8878503441810608,-0.810666561126709,1.698516845703125,1.7132392646563248,0.9036169781931465
x_16,face_landmark_2d,0.887292742729187,-0.8101574182510376,1.6974501609802246,1.7120982912702218,0.8992836059190031
x_17,face_landmark_2d,0.7313451766967773,-0.6677669286727905,1.3991121053695679,1.4575647122370614,0.7575570677570094
x_18,face_landmark_2d,0.7423135042190552,-0.6777817010879517,1.4200952053070068,1.4673774390883205,0.7632973325545171
x_19,face_landmark_2d,0.7570726871490479,-0.6912578344345093,1.4483305215835571,1.483543760443313,0.7710455510124611
x_20,face_landmark_2d,0.7711623907089233,-0.7041226625442505,1.4752850532531738,1.500291823449405,0.779817503894081
x_21,face_landmark_2d,0.7830989956855774,-0.7150216102600098,1.4981205463409424,1.5172772744878282,0.7862554322429907
x_22,face_landmark_2d,0.8210376501083374,-0.7496621012687683,1.570699691772461,1.5847417944630349,0.8134929225077883
x_23,face_landmark_2d,0.8333682417869568,-0.7609207630157471,1.5942890644073486,1.6081229109116437,0.8244657418224299
x_24,face_landmark_2d,0.8439045548439026,-0.7705411314964294,1.614445686340332,1.6284786954880281,0.8328465245327102
x_25,face_landmark_2d,0.8533516526222229,-0.7791669368743896,1.6325185298919678,1.6467721806459643,0.8431907904984424
x_26,face_landmark_2d,0.8619818091392517,-0.7870467901229858,1.6490285396575928,1.6634944090718637,0.8577693535825546
x_27,face_landmark_2d,0.8091254830360413,-0.7387855052947998,1.5479109287261963,1.5630946127929666,0.798279964953271
x_28,face_landmark_2d,0.8086656332015991,-0.738365650177002,1.547031283378601,1.5619320955774467,0.7980006035825545
x_29,face_landmark_2d,0.8075571656227112,-0.7373535633087158,1.5449106693267822,1.559549904721826,0.7971878796728972
x_30,face_landmark_2d,0.8064484000205994,-0.736341118812561,1.5427894592285156,1.5572411473363197,0.7970426401869158
x_31,face_landmark_2d,0.7993403673171997,-0.7298510670661926,1.529191493988037,1.544284029563779,0.7911872371495327
x_32,face_landmark_2d,0.8077080249786377,-0.737491250038147,1.5451992750167847,1.559558738881187,0.797195015576324
x_33,face_landmark_2d,0.8163789510726929,-0.7454084753990173,1.5617873668670654,1.5755679596425558,0.8016782807632399
x_34,face_landmark_2d,0.8249065279960632,-0.7531946897506714,1.5781011581420898,1.5917264350480596,0.8086216900311526
x_35,face_landmark_2d,0.8324657678604126,-0.7600967288017273,1.5925624370574951,1.6061885473374686,0.8164929127725856
x_36,face_landmark_2d,0.7567145824432373,-0.6909308433532715,1.4476454257965088,1.4846019366088279,0.7698091121495327
x_37,face_landmark_2d,0.7658628225326538,-0.6992837190628052,1.465146541595459,1.49428006552031,0.7732623831775701
x_38,face_landmark_2d,0.779681921005249,-0.7119015455245972,1.4915834665298462,1.5130030696897545,0.7812262169003115
x_39,face_landmark_2d,0.792067289352417,-0.7232101559638977,1.51527738571167,1.5327458448451483,0.7908275603582554
x_40,face_landmark_2d,0.7805680632591248,-0.7127106785774231,1.4932787418365479,1.5143432108078128,0.7807214271806853
x_41,face_landmark_2d,0.7670963406562805,-0.7004101276397705,1.4675064086914062,1.4962238590776502,0.7739717581775701
x_42,face_landmark_2d,0.8368748426437378,-0.7641225457191467,1.6009974479675293,1.6147116930407803,0.8238229458722741
x_43,face_landmark_2d,0.8426547646522522,-0.7694000005722046,1.6120548248291016,1.6259752709127615,0.8299577005451713
x_44,face_landmark_2d,0.8500808477401733,-0.7761804461479187,1.6262612342834473,1.6403061855431929,0.8352726343457945
x_45,face_landmark_2d,0.8575425148010254,-0.782993495464325,1.6405360698699951,1.6547668246157368,0.8467705607476635
x_46,face_landmark_2d,0.8516703248023987,-0.7776317596435547,1.6293020248413086,1.6433793348116468,0.8368241822429907
x_47,face_landmark_2d,0.8444089889526367,-0.7710016369819641,1.615410566329956,1.6293505948836702,0.8311291082554517
x_48,face_landmark_2d,0.800922691822052,-0.7312958240509033,1.5322184562683105,1.5468337942674648,0.7915110591900312
x_49,face_landmark_2d,0.8047986030578613,-0.7348348498344421,1.5396335124969482,1.5538924850292786,0.7943959014797508
x_50,face_landmark_2d,0.8121050596237183,-0.741506040096283,1.5536110401153564,1.5673798160148338,0.7996822721962618
x_51,face_landmark_2d,0.8195559978485107,-0.7483092546463013,1.567865252494812,1.5813491259325403,0.8036036701713396
x_52,face_landmark_2d,0.8270813226699829,-0.7551804780960083,1.5822618007659912,1.5957423654986473,0.8097113025700935
x_53,face_landmark_2d,0.8395682573318481,-0.7665817141532898,1.6061499118804932,1.6197163169679316,0.8188213785046728
x_54,face_landmark_2d,0.8514652848243713,-0.7774445414543152,1.6289098262786865,1.6428192508264265,0.828825749610592
x_55,face_landmark_2d,0.8427774310112,-0.7695119976997375,1.6122894287109375,1.6257885858569434,0.821073870716511
x_56,face_landmark_2d,0.8327152132987976,-0.7603244781494141,1.5930397510528564,1.6062961351671619,0.814714339953271
x_57,face_landmark_2d,0.8245246410369873,-0.7528459429740906,1.5773706436157227,1.590542558365055,0.8047836545950156
x_58,face_landmark_2d,0.8167673945426941,-0.7457630038261414,1.5625303983688354,1.5756835325281897,0.8001870229750779
x_59,face_landmark_2d,0.8085852861404419,-0.7382923364639282,1.5468776226043701,1.5605753419446997,0.7960616822429907
x_60,face_landmark_2d,0.8054376840591431,-0.7354183793067932,1.540856122970581,1.5550548426514914,0.7969267815420561
x_61,face_landmark_2d,0.8143917322158813,-0.7435939908027649,1.557985782623291,1.5717329075863797,0.8003354458722741
x_62,face_landmark_2d,0.8216903805732727,-0.7502580881118774,1.571948528289795,1.5854231493645632,0.8041163746105919
x_63,face_landmark_2d,0.8294274210929871,-0.7573225498199463,1.5867500305175781,1.6002600680959074,0.810911253894081
x_64,face_landmark_2d,0.8472412824630737,-0.7735877633094788,1.6208291053771973,1.6346041816414676,0.8247412285825546
x_65,face_landmark_2d,0.8307244181632996,-0.758506715297699,1.5892311334609985,1.6025555911346252,0.81169375
x_66,face_landmark_2d,0.8230862617492676,-0.7515326738357544,1.574618935585022,1.5878911069046195,0.8035203368380062
x_67,face_landmark_2d,0.8158232569694519,-0.7449010610580444,1.5607242584228516,1.5739787439404593,0.7996989388629283
y_0,face_landmark_2d,0.9102718830108643,-0.8311388492584229,1.741410732269287,1.7471230917012572,0.9326465537383178
y_1,face_landmark_2d,0.9234506487846375,-0.8431719541549683,1.766622543334961,1.7733368876061022,0.9508849396417446
y_2,face_landmark_2d,0.9311862587928772,-0.850235104560852,1.781421422958374,1.7891543460419659,0.9642340634735203
y_3,face_landmark_2d,0.9353880286216736,-0.8540716171264648,1.7894597053527832,1.798084452764839,0.9662736370716511
y_4,face_landmark_2d,0.9373427033424377,-0.8558563590049744,1.793199062347412,1.8025375985720076,0.9685323987538941
y_5,face_landmark_2d,0.9378573894500732,-0.8563262820243835,1.7941837310791016,1.8040941517494156,0.9689228777258567
y_6,face_landmark_2d,0.9375309944152832,-0.8560283780097961,1.7935593128204346,1.8039021251837641,0.9692030179127725
y_7,face_landmark_2d,0.9361448287963867,-0.854762613773346,1.790907382965088,1.8015377527552365,0.9700910922897196
y_8,face_landmark_2d,0.9359900951385498,-0.8546212911605835,1.7906113862991333,1.8013467935355398,0.9713124902647975
y_9,face_landmark_2d,0.9371996521949768,-0.8557257652282715,1.7929253578186035,1.803668606103221,0.9712259832554517
y_10,face_landmark_2d,0.9390419721603394,-0.8574079275131226,1.796449899673462,1.8070391496833715,0.9709743964174454
y_11,face_landmark_2d,0.9397523403167725,-0.8580564856529236,1.7978088855743408,1.8080936025026737,0.9708990167445484
y_12,face_landmark_2d,0.938488245010376,-0.8569024205207825,1.7953906059265137,1.8051794148489184,0.9705069606697819
y_13,face_landmark_2d,0.9355327486991882,-0.8542037606239319,1.7897365093231201,1.7988119611160447,0.9689704244548286
y_14,face_landmark_2d,0.9308494329452515,-0.8499276041984558,1.7807769775390625,1.7889325711228437,0.9576442464953271
y_15,face_landmark_2d,0.9230492115020752,-0.8428054451942444,1.7658545970916748,1.772920127671807,0.9470447624610592
y_16,face_landmark_2d,0.9105463624000549,-0.8313896059989929,1.7419359683990479,1.7479581077285458,0.9346101830218069
y_17,face_landmark_2d,0.8942118287086487,-0.816474974155426,1.7106868028640747,1.7151859696620704,0.9209477803738317
y_18,face_landmark_2d,0.8882794380187988,-0.8110582828521729,1.6993377208709717,1.703176911912036,0.9191009929906543
y_19,face_landmark_2d,0.8868460059165955,-0.8097494840621948,1.6965954303741455,1.7003625522588706,0.9182058021806853
y_20,face_landmark_2d,0.8893682360649109,-0.8120524883270264,1.701420783996582,1.7052946482858735,0.9198003115264798
y_21,face_landmark_2d,0.8933584690093994,-0.8156958818435669,1.7090543508529663,1.713250518676363,0.9206701226635514
y_22,face_landmark_2d,0.894210934638977,-0.8164742588996887,1.7106852531433105,1.7148609949292954,0.9201328465732087
y_23,face_landmark_2d,0.8904274702072144,-0.8130195736885071,1.7034471035003662,1.7072012108238015,0.9173265478971963
y_24,face_landmark_2d,0.8876272439956665,-0.8104627728462219,1.6980900764465332,1.701814374582148,0.9165884637850468
y_25,face_landmark_2d,0.8873195648193359,-0.8101819157600403,1.6975014209747314,1.7018084726184128,0.9170979848130841
y_26,face_landmark_2d,0.8928200006484985,-0.8152040839195251,1.708024024963379,1.713045862660297,0.9189685066199377
y_27,face_landmark_2d,0.9123579859733582,-0.83304363489151,1.7454016208648682,1.7508329371200544,0.9323499707943925
y_28,face_landmark_2d,0.9194448590278625,-0.839514434337616,1.7589592933654785,1.7652004151795029,0.9420457359813084
y_29,face_landmark_2d,0.9232978224754333,-0.8430325388908386,1.766330361366272,1.7732752966430525,0.9488839855919003
y_30,face_landmark_2d,0.9248148798942566,-0.8444176912307739,1.7692325115203857,1.7768105512852919,0.964706230529595
y_31,face_landmark_2d,0.9312340617179871,-0.8502787947654724,1.7815128564834595,1.7896521529914955,0.9670419100467289
y_32,face_landmark_2d,0.9311152100563049,-0.8501703143119812,1.7812855243682861,1.7895425236738032,0.9672149240654205
y_33,face_landmark_2d,0.9309579730033875,-0.8500266671180725,1.78098464012146,1.7893341850864493,0.9674292056074766
y_34,face_landmark_2d,0.930834174156189,-0.8499135971069336,1.7807477712631226,1.7890208910112013,0.9673776187694704
y_35,face_landmark_2d,0.9307425022125244,-0.8498299717903137,1.7805724143981934,1.7887710798319065,0.9671101635514018
y_36,face_landmark_2d,0.9130317568778992,-0.8336588740348816,1.7466906309127808,1.7521985095705173,0.9302379867601247
y_37,face_landmark_2d,0.910842776298523,-0.8316601514816284,1.7425029277801514,1.7476781401190422,0.9295602219626168
y_38,face_landmark_2d,0.9110967516899109,-0.8318920731544495,1.7429888248443604,1.7482138198272628,0.9299499026479752
y_39,face_landmark_2d,0.9143537878990173,-0.8348659873008728,1.7492197751998901,1.7549150023133309,0.9315252920560748
y_40,face_landmark_2d,0.9158761501312256,-0.8362559676170349,1.7521321773529053,1.7579212954976786,0.932047468847352
y_41,face_landmark_2d,0.9154484868049622,-0.8358654975891113,1.7513139247894287,1.7570778813043761,0.931538746105919
y_42,face_landmark_2d,0.9155049324035645,-0.835917055606842,1.7514219284057617,1.7571974545041975,0.9330475467289719
y_43,face_landmark_2d,0.9124265313148499,-0.833106279373169,1.745532751083374,1.750824183921892,0.9316007690809969
y_44,face_landmark_2d,0.9121713638305664,-0.8328732252120972,1.7450445890426636,1.7503492738619941,0.9319316978193147
y_45,face_landmark_2d,0.9145293235778809,-0.8350261449813843,1.7495554685592651,1.75520777672354,0.933685621105919
y_46,face_landmark_2d,0.9168407320976257,-0.8371368050575256,1.7539775371551514,1.7598651886872825,0.9352522585669782
y_47,face_landmark_2d,0.9171478152275085,-0.8374171853065491,1.7545650005340576,1.7604671295100416,0.9351109910436137
y_48,face_landmark_2d,0.9375235438346863,-0.8560214638710022,1.7935450077056885,1.8026167600353695,0.9713109034267913
y_49,face_landmark_2d,0.9345965385437012,-0.853348970413208,1.7879455089569092,1.7968909326932418,0.9700180588006231
y_50,face_landmark_2d,0.9327635169029236,-0.851675271987915,1.7844388484954834,1.793311783908955,0.969156941199377
y_51,face_landmark_2d,0.9330819845199585,-0.851966142654419,1.7850481271743774,1.7940034518869774,0.9697529789719626
y_52,face_landmark_2d,0.9333386421203613,-0.852200448513031,1.785539150238037,1.7944472530841138,0.9695855140186916
y_53,face_landmark_2d,0.9356787800788879,-0.8543370366096497,1.7900158166885376,1.7990539851100196,0.9704204244548286
y_54,face_landmark_2d,0.9390157461166382,-0.8573839664459229,1.796399712562561,1.8056071708636534,0.9712791374610592
y_55,face_landmark_2d,0.9371287822723389,-0.8556610941886902,1.7927899360656738,1.8022655098672538,0.9713323306074766
y_56,face_landmark_2d,0.9356032013893127,-0.8542680740356445,1.7898712158203125,1.7994193647908052,0.9713386779595016
y_57,face_landmark_2d,0.9349619746208191,-0.8536826372146606,1.788644552230835,1.798188507778422,0.9713085183021807
y_58,face_landmark_2d,0.9347381591796875,-0.8534782528877258,1.7882163524627686,1.797722494937789,0.9713069314641745
y_59,face_landmark_2d,0.9354996681213379,-0.8541736602783203,1.7896733283996582,1.7990527704855737,0.9713783586448598
y_60,face_landmark_2d,0.9372164011001587,-0.8557411432266235,1.7929575443267822,1.8020647397186413,0.9713609034267913
y_61,face_landmark_2d,0.9345948696136475,-0.8533474206924438,1.7879422903060913,1.7970583179306552,0.9707077297507788
y_62,face_landmark_2d,0.934680700302124,-0.8534258008003235,1.7881064414978027,1.7972654604033307,0.9706863025700935
y_63,face_landmark_2d,0.9352958798408508,-0.853987455368042,1.789283275604248,1.798431608372842,0.970621222741433
y_64,face_landmark_2d,0.9384361505508423,-0.8568547368049622,1.7952909469604492,1.8045104549571844,0.9712791471962616
y_65,face_landmark_2d,0.9350504875183105,-0.8537634611129761,1.7888139486312866,1.798070180080683,0.9706886779595016
y_66,face_landmark_2d,0.9344518184661865,-0.8532167077064514,1.7876684665679932,1.7969267026797717,0.9707339174454829
y_67,face_landmark_2d,0.9343792796134949,-0.8531506657600403,1.7875299453735352,1.796745551377436,0.9707005841121495
X_0,face_landmark_3d,-0.2183176428079605,0.19933855533599854,0.41765618324279785,0.4648952075119389,0.23333455023364486
X_1,face_landmark_3d,-0.21970374882221222,0.20060418546199799,0.4203079342842102,0.46890412781695,0.2350072235202492
X_2,face_landmark_3d,-0.22091378271579742,0.20170904695987701,0.42262282967567444,0.4717485575182731,0.2398712519470405
X_3,face_landmark_3d,-0.2199818193912506,0.20085807144641876,0.42083990573883057,0.4700867034281648,0.24265465342679127
X_4,face_landmark_3d,-0.21942420303821564,0.20034891366958618,0.4197731018066406,0.4701335401753113,0.24463319704049846
X_5,face_landmark_3d,-0.21952781081199646,0.20044352114200592,0.4199713468551636,0.47225070018228027,0.2465288648753894
X_6,face_landmark_3d,-0.22140981256961823,0.20216190814971924,0.42357170581817627,0.4777005297294849,0.25014697235202493
X_7,face_landmark_3d,-0.2227570116519928,0.20339199900627136,0.42614901065826416,0.4825459596826169,0.25240803154205604
X_8,face_landmark_3d,-0.22326762974262238,0.20385824143886566,0.42712587118148804,0.482884410263658,0.25164555101246106
X_9,face_landmark_3d,-0.22413724660873413,0.20465224981307983,0.42878949642181396,0.4810329143046104,0.25315241433021807
X_10,face_landmark_3d,-0.22846147418022156,0.20860056579113007,0.43706202507019043,0.4834611214094031,0.2541896514797508
X_11,face_landmark_3d,-0.23359201848506927,0.21328508853912354,0.446877121925354,0.4882348906291882,0.2593297799844237
X_12,face_landmark_3d,-0.23959317803382874,0.2187645435333252,0.45835772156715393,0.49706876861082666,0.26381215926791274
X_13,face_landmark_3d,-0.24417734146118164,0.22295019030570984,0.4671275317668915,0.5046561395180513,0.268717445482866
X_14,face_landmark_3d,-0.24611598253250122,0.2247203141450882,0.4708362817764282,0.5079411023525252,0.27335593847352024
X_15,face_landmark_3d,-0.24676264822483063,0.22531074285507202,0.47207337617874146,0.5089757494755411,0.2772157418224299
X_16,face_landmark_3d,-0.24766823649406433,0.22613760828971863,0.47380584478378296,0.5105804813555875,0.2786051207165109
X_17,face_landmark_3d,-0.21111346781253815,0.1927606761455536,0.40387415885925293,0.4625667103678278,0.23668459890965735
X_18,face_landmark_3d,-0.21450191736221313,0.1958545595407486,0.41035646200180054,0.46963285677805966,0.24017208917445482
X_19,face_landmark_3d,-0.2203892171382904,0.20123004913330078,0.4216192662715912,0.4809469591461725,0.24675141160436137
X_20,face_landmark_3d,-0.22588853538036346,0.20625126361846924,0.4321398138999939,0.4918672923189294,0.2501338395638629
X_21,face_landmark_3d,-0.22948670387268066,0.20953665673732758,0.43902337551116943,0.49939178077125995,0.2527939349688474
X_22,face_landmark_3d,-0.22004738450050354,0.20091792941093445,0.420965313911438,0.47920723836020046,0.2488252628504673
X_23,face_landmark_3d,-0.22516915202140808,0.20559445023536682,0.4307636022567749,0.48495827434506295,0.25241545950155764
X_24,face_landmark_3d,-0.2322603017091751,0.21206915378570557,0.4443294405937195,0.49453804046731303,0.26006832165109034
X_25,face_landmark_3d,-0.23921242356300354,0.21841689944267273,0.45762932300567627,0.5046265210644022,0.2688617698598131
X_26,face_landmark_3d,-0.24282053112983704,0.22171130776405334,0.4645318388938904,0.5096534003634403,0.2776481308411215
X_27,face_landmark_3d,-0.2232559770345688,0.20384758710861206,0.42710357904434204,0.48763139608974226,0.250258070482866
X_28,face_landmark_3d,-0.22222000360488892,0.2029016762971878,0.4251216650009155,0.4885059881192939,0.25398560163551404
X_29,face_landmark_3d,-0.2207224816083908,0.20153434574604034,0.42225682735443115,0.4886910014872265,0.2533552667445483
X_30,face_landmark_3d,-0.219203919172287,0.20014779269695282,0.4193516969680786,0.4888332438001216,0.25209658294392523
X_31,face_landmark_3d,-0.2227220982313156,0.20336012542247772,0.42608222365379333,0.4909266788715296,0.2508349299065421
X_32,face_landmark_3d,-0.2224498838186264,0.20311158895492554,0.42556148767471313,0.4902846395197778,0.2513459988317757
X_33,face_landmark_3d,-0.22191880643367767,0.20262666046619415,0.4245454668998718,0.4888696899773608,0.2499700058411215
X_34,face_landmark_3d,-0.22228798270225525,0.20296375453472137,0.42525172233581543,0.48786991592436085,0.24929371105919002
X_35,face_landmark_3d,-0.22326363623142242,0.20385459065437317,0.4271182417869568,0.4878176354298644,0.2500529692367601
X_36,face_landmark_3d,-0.2186761349439621,0.1996658891439438,0.4183420240879059,0.4769258766934889,0.24287194314641747
X_37,face_landmark_3d,-0.22051647305488586,0.20134621858596802,0.4218626916408539,0.4807801515268895,0.24162595404984422
X_38,face_landmark_3d,-0.2238464653491974,0.20438675582408905,0.42823320627212524,0.48586651472358405,0.24468892133956388
X_39,face_landmark_3d,-0.22642725706100464,0.20674318075180054,0.4331704378128052,0.48974113277393194,0.24610555880062304
X_40,face_landmark_3d,-0.22416643798351288,0.20467890799045563,0.4288453459739685,0.48696370294299635,0.24494370132398752
X_41,face_landmark_3d,-0.22042237222194672,0.20126031339168549,0.4216826856136322,0.4811151375229809,0.24317589563862926
X_42,face_landmark_3d,-0.22739194333553314,0.20762400329113007,0.4350159466266632,0.48765060371853713,0.2530617406542056
X_43,face_landmark_3d,-0.22993753850460052,0.20994830131530762,0.43988585472106934,0.49097568276013587,0.2568781542056075
X_44,face_landmark_3d,-0.2325459122657776,0.2123298943042755,0.4448758065700531,0.49432171726957347,0.26325368964174456
X_45,face_landmark_3d,-0.23521290719509125,0.21476507186889648,0.4499779939651489,0.49756668021133654,0.26701154595015575
X_46,face_landmark_3d,-0.2338758409023285,0.21354423463344574,0.44742006063461304,0.49692803453442236,0.2658163064641744
X_47,face_landmark_3d,-0.23103415966033936,0.21094956994056702,0.44198372960090637,0.49320497658768364,0.2610360786604361
X_48,face_landmark_3d,-0.21402305364608765,0.19541731476783752,0.40944036841392517,0.47285985256297464,0.2450391355140187
X_49,face_landmark_3d,-0.2195177525281906,0.2004343420267105,0.4199520945549011,0.4849214854812338,0.24842883566978194
X_50,face_landmark_3d,-0.2229425311088562,0.20356139540672302,0.4265039265155792,0.4913782115995637,0.2501136682242991
X_51,face_landmark_3d,-0.2229393571615219,0.2035585194826126,0.4264978766441345,0.4901039086119806,0.2507040790498442
X_52,face_landmark_3d,-0.22467654943466187,0.20514464378356934,0.4298211932182312,0.4911986557200627,0.2526667932242991
X_53,face_landmark_3d,-0.2291571944952011,0.2092358022928238,0.4383929967880249,0.4949853825322388,0.2528670073987539
X_54,face_landmark_3d,-0.2379145473241806,0.2172318398952484,0.4551463723182678,0.5053682285628546,0.2612214953271028
X_55,face_landmark_3d,-0.22800345718860626,0.20818234980106354,0.4361858069896698,0.49255571797454345,0.2538533294392523
X_56,face_landmark_3d,-0.22328293323516846,0.2038722038269043,0.42715513706207275,0.48856101558824006,0.2539661799065421
X_57,face_landmark_3d,-0.22178135812282562,0.20250117778778076,0.4242825508117676,0.48781512085870915,0.25261218847352024
X_58,face_landmark_3d,-0.22178179025650024,0.2025015652179718,0.42428335547447205,0.489199083216265,0.2530121787383177
X_59,face_landmark_3d,-0.2185269296169281,0.19952964782714844,0.41805657744407654,0.48315787332024474,0.25024942562305297
X_60,face_landmark_3d,-0.21426594257354736,0.19563908874988556,0.40990501642227173,0.4735710170001343,0.24640734034267914
X_61,face_landmark_3d,-0.2225988507270813,0.20324759185314178,0.4258464574813843,0.4903407172595155,0.2505296339563863
X_62,face_landmark_3d,-0.2227500081062317,0.2033856064081192,0.4261355996131897,0.4893749793678398,0.25024178348909654
X_63,face_landmark_3d,-0.2244648039340973,0.20495133101940155,0.42941612005233765,0.4903564346804816,0.25078035436137075
X_64,face_landmark_3d,-0.236994668841362,0.216391921043396,0.4533866047859192,0.5047655382957048,0.2594922118380062
X_65,face_landmark_3d,-0.2236291766166687,0.20418833196163177,0.42781752347946167,0.4892464252880654,0.25145901479750776
X_66,face_landmark_3d,-0.22199095785617828,0.20269256830215454,0.42468351125717163,0.48830207980507623,0.25092031736760123
X_67,face_landmark_3d,-0.221768319606781,0.20248925685882568,0.4242575764656067,0.48917631099160047,0.25094154010903424
Y_0,face_landmark_3d,0.35478508472442627,-0.3239424526691437,0.6787275075912476,0.831911665965552,0.4564308119158878
Y_1,face_landmark_3d,0.347741037607193,-0.3175107538700104,0.6652517914772034,0.8247485608855432,0.462977531152648
Y_2,face_landmark_3d,0.3399016559123993,-0.3103528618812561,0.650254487991333,0.8158042498840647,0.46779963006230535
Y_3,face_landmark_3d,0.3335481584072113,-0.3045516908168793,0.6380998492240906,0.8092225581712214,0.46987877725856697
Y_4,face_landmark_3d,0.3287924528121948,-0.3002094328403473,0.6290018558502197,0.8053271377098378,0.4786196164330218
Y_5,face_landmark_3d,0.3251290023326874,-0.29686444997787476,0.6219934225082397,0.8028115538400468,0.4854726732866044
Y_6,face_landmark_3d,0.3225322365760803,-0.2944934368133545,0.6170256733894348,0.800650065980895,0.4871170852803739
Y_7,face_landmark_3d,0.3209693431854248,-0.2930664122104645,0.6140357255935669,0.7987727754997068,0.47767402647975077
Y_8,face_landmark_3d,0.3190682530403137,-0.29133063554763794,0.6103988885879517,0.7952674610097087,0.4675794879283489
Y_9,face_landmark_3d,0.3160697817802429,-0.2885928153991699,0.6046625971794128,0.788873733933058,0.45962950739875397
Y_10,face_landmark_3d,0.31147637963294983,-0.2843987047672272,0.595875084400177,0.7780807728345388,0.4654847936137072
Y_11,face_landmark_3d,0.31012848019599915,-0.2831679582595825,0.5932964086532593,0.7724007040608412,0.45761482671339565
Y_12,face_landmark_3d,0.3119933307170868,-0.2848707139492035,0.5968640446662903,0.7724857583697591,0.45466113707165107
Y_13,face_landmark_3d,0.3181398808956146,-0.29048290848731995,0.6086227893829346,0.7792873732671973,0.4543928738317757
Y_14,face_landmark_3d,0.3270244300365448,-0.298595130443573,0.6256195306777954,0.7902699246306188,0.45696488512461064
Y_15,face_landmark_3d,0.33611711859703064,-0.30689737200737,0.6430144906044006,0.8020716560702461,0.4543797215732088
Y_16,face_landmark_3d,0.34732872247695923,-0.317134290933609,0.6644630432128906,0.8175523115574708,0.45969388629283486
Y_17,face_landmark_3d,0.35443899035453796,-0.32362642884254456,0.6780654191970825,0.8305006237021646,0.45720888823987543
Y_18,face_landmark_3d,0.3636583089828491,-0.3320442736148834,0.6957025527954102,0.8451356898541454,0.4700365167445483
Y_19,face_landmark_3d,0.36687028408050537,-0.33497703075408936,0.7018473148345947,0.8507901798580578,0.4790044100467289
Y_20,face_landmark_3d,0.36742550134658813,-0.33548399806022644,0.7029094696044922,0.853040850615111,0.481952433800623
Y_21,face_landmark_3d,0.36436927318573,-0.3326934278011322,0.6970627307891846,0.8493323864487651,0.4784996690031153
Y_22,face_landmark_3d,0.36475905776023865,-0.33304935693740845,0.6978083848953247,0.8498644930150298,0.48070728193146417
Y_23,face_landmark_3d,0.3679441511631012,-0.3359575569629669,0.7039017081260681,0.8537440671747122,0.4848461351246106
Y_24,face_landmark_3d,0.36688852310180664,-0.3349936604499817,0.7018821835517883,0.850908797006207,0.48255006814641743
Y_25,face_landmark_3d,0.3600170910358429,-0.3287195861339569,0.6887366771697998,0.8388183775160649,0.47255899532710277
Y_26,face_landmark_3d,0.3485475480556488,-0.3182471692562103,0.6667947173118591,0.8204194529134754,0.46009098520249214
Y_27,face_landmark_3d,0.367853045463562,-0.3358743488788605,0.7037273645401001,0.8601168176916645,0.4867235202492213
Y_28,face_landmark_3d,0.36442068219184875,-0.3327403962612152,0.697161078453064,0.8576662901123662,0.487886253894081
Y_29,face_landmark_3d,0.3609655201435089,-0.32958555221557617,0.6905510425567627,0.8544856124117303,0.4867182145638629
Y_30,face_landmark_3d,0.35711586475372314,-0.326070636510849,0.6831865310668945,0.8502284647375037,0.48679227998442365
Y_31,face_landmark_3d,0.35170111060142517,-0.3211265504360199,0.6728276610374451,0.8419242989446358,0.48469062500000004
Y_32,face_landmark_3d,0.35154029726982117,-0.3209797143936157,0.6725200414657593,0.8422658203113198,0.4875126752336449
Y_33,face_landmark_3d,0.35099098086357117,-0.3204781711101532,0.6714691519737244,0.8417181822122124,0.48700716510903425
Y_34,face_landmark_3d,0.35039836168289185,-0.3199371099472046,0.6703354716300964,0.8401324861554281,0.48245390381619935
Y_35,face_landmark_3d,0.3490297496318817,-0.31868746876716614,0.6677172183990479,0.8369750731990216,0.4786521709501558
Y_36,face_landmark_3d,0.3641924560070038,-0.33253195881843567,0.6967244148254395,0.8527354512298386,0.48000829439252335
Y_37,face_landmark_3d,0.3701014518737793,-0.33792734146118164,0.7080287933349609,0.8625472379508746,0.48509070288161993
Y_38,face_landmark_3d,0.36919817328453064,-0.3371025323867798,0.7063007354736328,0.8612632178082266,0.4851463103582554
Y_39,face_landmark_3d,0.36275386810302734,-0.3312184810638428,0.6939723491668701,0.8514382095095545,0.4858717387071651
Y_40,face_landmark_3d,0.36354756355285645,-0.331943154335022,0.6954907178878784,0.8531554328039246,0.48599305880062305
Y_41,face_landmark_3d,0.36350101232528687,-0.3319006562232971,0.695401668548584,0.8527871504208908,0.4843747858255452
Y_42,face_landmark_3d,0.36064398288726807,-0.3292919993400574,0.6899359822273254,0.84767816742884,0.48549405179127725
Y_43,face_landmark_3d,0.36841216683387756,-0.3363848924636841,0.7047970294952393,0.859873927877961,0.4840114291277259
Y_44,face_landmark_3d,0.36814209818840027,-0.3361382484436035,0.7042803764343262,0.8591307844559963,0.48102083333333334
Y_45,face_landmark_3d,0.3615490198135376,-0.3301183879375458,0.6916674375534058,0.8481270220432965,0.4766577297507788
Y_46,face_landmark_3d,0.3609544038772583,-0.32957541942596436,0.6905298233032227,0.8482268905172886,0.4805382106697819
Y_47,face_landmark_3d,0.36117133498191833,-0.3297734260559082,0.6909447908401489,0.8489006529038368,0.4828290693146417
Y_48,face_landmark_3d,0.35115861892700195,-0.320631206035614,0.671789824962616,0.8447775703885949,0.5020501654984423
Y_49,face_landmark_3d,0.34624969959259033,-0.3161490559577942,0.6623987555503845,0.8356686237985682,0.48798150311526484
Y_50,face_landmark_3d,0.34496456384658813,-0.31497564911842346,0.659940242767334,0.8332224416098719,0.4825517523364486
Y_51,face_landmark_3d,0.34432077407836914,-0.31438779830932617,0.6587085723876953,0.8323518331497782,0.48158590342679125
Y_52,face_landmark_3d,0.34382015466690063,-0.3139306902885437,0.6577508449554443,0.8310634593211527,0.4798169976635514
Y_53,face_landmark_3d,0.34431442618370056,-0.31438201665878296,0.6586964130401611,0.8320611718186051,0.4844268496884735
Y_54,face_landmark_3d,0.34738272428512573,-0.31718358397483826,0.6645662784576416,0.8376917094760155,0.4925884540498443
Y_55,face_landmark_3d,0.34309008717536926,-0.3132641315460205,0.6563541889190674,0.8311790819165494,0.47710883956386296
Y_56,face_landmark_3d,0.34445303678512573,-0.3145086169242859,0.6589616537094116,0.8341020094715051,0.47383353777258563
Y_57,face_landmark_3d,0.34510964155197144,-0.315108060836792,0.6602177023887634,0.835480065412597,0.478595745716511
Y_58,face_landmark_3d,0.3456520736217499,-0.3156034052371979,0.6612554788589478,0.8363729467185795,0.4804989096573209
Y_59,face_landmark_3d,0.3465806543827057,-0.3164512515068054,0.6630319356918335,0.8377024972000455,0.48414620327102803
Y_60,face_landmark_3d,0.3490932285785675,-0.31874537467956543,0.6678385734558105,0.8412868980325632,0.5004986370716511
Y_61,face_landmark_3d,0.3470625579357147,-0.31689125299453735,0.6639537811279297,0.8379365167653703,0.4864959306853583
Y_62,face_landmark_3d,0.34585821628570557,-0.31579160690307617,0.6616498231887817,0.8359103315904928,0.48466931464174456
Y_63,face_landmark_3d,0.3459841310977936,-0.3159065842628479,0.6618907451629639,0.8358651082500133,0.4842202200155763
Y_64,face_landmark_3d,0.3462415933609009,-0.31614166498184204,0.6623832583427429,0.8359151421928934,0.4898282223520249
Y_65,face_landmark_3d,0.34329771995544434,-0.31345364451408386,0.6567513942718506,0.8307922679664677,0.47129239680685364
Y_66,face_landmark_3d,0.3440295159816742,-0.31412187218666077,0.658151388168335,0.8323340177445412,0.4754728290498442
Y_67,face_landmark_3d,0.3448682725429535,-0.31488773226737976,0.6597560048103333,0.8337477170831228,0.4773404302959502
Z_0,face_landmark_3d,0.02166840247809887,-0.019784698262810707,0.041453100740909576,0.40192499929332565,0.16862918613707165
Z_1,face_landmark_3d,0.029931336641311646,-0.027329307049512863,0.05726064369082451,0.39661885097363103,0.16770612344236757
Z_2,face_landmark_3d,0.03859219327569008,-0.03523724526166916,0.07382944226264954,0.3932023675197489,0.16124208528037381
Z_3,face_landmark_3d,0.04462578892707825,-0.04074632003903389,0.08537210524082184,0.3931072186039616,0.15597253699376948
Z_4,face_landmark_3d,0.047769296914339066,-0.04361655190587044,0.0913858488202095,0.39185552921656064,0.1549993574766355
Z_5,face_landmark_3d,0.04913363978266716,-0.044862281531095505,0.09399592131376266,0.3894640877457103,0.15980979361370715
Z_6,face_landmark_3d,0.05116923525929451,-0.046720921993255615,0.09789015352725983,0.38642075217244476,0.15860582165109036
Z_7,face_landmark_3d,0.05701780691742897,-0.052061062306165695,0.10907886922359467,0.384929385636591,0.15737225467289717
Z_8,face_landmark_3d,0.05747128278017044,-0.05247511342167854,0.10994639992713928,0.38492103391893784,0.15871195482866043
Z_9,face_landmark_3d,0.05426064506173134,-0.049543578177690506,0.10380422323942184,0.3842073494091586,0.16239276674454828
Z_10,face_landmark_3d,0.045489393174648285,-0.041534848511219025,0.08702424168586731,0.38346626468274575,0.16840109034267914
Z_11,face_landmark_3d,0.03830845654010773,-0.034978173673152924,0.07328663021326065,0.38314700777854915,0.17630156736760128
Z_12,face_landmark_3d,0.029619628563523293,-0.027044696733355522,0.056664325296878815,0.383267973656514,0.18026493380062303
Z_13,face_landmark_3d,0.01937098428606987,-0.017687005922198296,0.037057988345623016,0.3864173156879551,0.1815283781152648
Z_14,face_landmark_3d,0.010307677090168,-0.009411598555743694,0.019719276577234268,0.3916168037667114,0.18552089174454828
Z_15,face_landmark_3d,0.005156193859875202,-0.004707945976406336,0.009864140301942825,0.39486991409068306,0.1859526674454829
Z_16,face_landmark_3d,0.0013608632143586874,-0.001242556725628674,0.0026034200564026833,0.3976502097808645,0.18813466705607476
Z_17,face_landmark_3d,0.022155240178108215,-0.02022920735180378,0.042384445667266846,0.41108420494310116,0.15965004867601246
Z_18,face_landmark_3d,0.023904208093881607,-0.021826131269335747,0.045730337500572205,0.409297000568564,0.1593267523364486
Z_19,face_landmark_3d,0.024793650954961777,-0.02263825200498104,0.04743190109729767,0.40735389162202573,0.16192562305295952
Z_20,face_landmark_3d,0.02767544984817505,-0.025269528850913048,0.052944980561733246,0.403739611813806,0.16327441588785047
Z_21,face_landmark_3d,0.03004111535847187,-0.02742953971028328,0.0574706569314003,0.40100271297137796,0.1651591316199377
Z_22,face_landmark_3d,0.030389130115509033,-0.027747297659516335,0.05813642591238022,0.3946395110964888,0.16539178348909656
Z_23,face_landmark_3d,0.028872931376099586,-0.026362912729382515,0.0552358441054821,0.391812501185577,0.1678747468847352
Z_24,face_landmark_3d,0.023317962884902954,-0.0212908536195755,0.044608816504478455,0.3927610657897418,0.17341751362928348
Z_25,face_landmark_3d,0.017624564468860626,-0.01609240099787712,0.03371696546673775,0.393989788255348,0.1764388726635514
Z_26,face_landmark_3d,0.012324629351496696,-0.011253214441239834,0.023577842861413956,0.39572216662098564,0.1831528426791277
Z_27,face_landmark_3d,0.035834625363349915,-0.03271939978003502,0.06855402886867523,0.3972734004705908,0.1632758859034268
Z_28,face_landmark_3d,0.04213101044297218,-0.03846842050552368,0.08059942722320557,0.3957216810683592,0.15981661799065422
Z_29,face_landmark_3d,0.04849288612604141,-0.044277239590883255,0.09277012944221497,0.3953664310541422,0.1574555003894081
Z_30,face_landmark_3d,0.05457405000925064,-0.049829743802547455,0.1044037938117981,0.3954482995574083,0.15579970794392523
Z_31,face_landmark_3d,0.05076124891638756,-0.04634840041399002,0.09710964560508728,0.39432063551413876,0.15531231503115267
Z_32,face_landmark_3d,0.052823252975940704,-0.04823114350438118,0.10105440020561218,0.3940954470565655,0.15746006619937697
Z_33,face_landmark_3d,0.053902190178632736,-0.04921628534793854,0.10311847925186157,0.3938938282030477,0.15814178348909658
Z_34,face_landmark_3d,0.05042320489883423,-0.046039752662181854,0.09646295756101608,0.39415233988861975,0.16012917640186916
Z_35,face_landmark_3d,0.04697560518980026,-0.042891863733530045,0.0898674726486206,0.39422226179642883,0.16163783099688472
Z_36,face_landmark_3d,0.03175646811723709,-0.028995778411626816,0.06075224652886391,0.4027590590753007,0.15758311915887852
Z_37,face_landmark_3d,0.031164998188614845,-0.028455719351768494,0.05962071567773819,0.40223893284721574,0.1589941199376947
Z_38,face_landmark_3d,0.03083026222884655,-0.02815009094774723,0.05898035317659378,0.4011531104778544,0.16123116238317758
Z_39,face_landmark_3d,0.031223252415657043,-0.028508910909295082,0.059732161462306976,0.4004685891061962,0.16482867017133956
Z_40,face_landmark_3d,0.03320099413394928,-0.030314723029732704,0.06351571530103683,0.40043261701705113,0.16130336838006232
Z_41,face_landmark_3d,0.03376002609729767,-0.030825158581137657,0.06458518654108047,0.40116124466286446,0.15824889992211838
Z_42,face_landmark_3d,0.0299015361815691,-0.0273020938038826,0.05720362812280655,0.3931665727743618,0.1703891549844237
Z_43,face_landmark_3d,0.028088463470339775,-0.025646641850471497,0.05373510718345642,0.3927318993924433,0.17220011682242992
Z_44,face_landmark_3d,0.02727910503745079,-0.02490764483809471,0.0521867498755455,0.39103689606786995,0.1731366238317757
Z_45,face_landmark_3d,0.027150563895702362,-0.024790272116661072,0.051940836012363434,0.3895211703158329,0.17610005841121495
Z_46,face_landmark_3d,0.0292449202388525,-0.026702558621764183,0.055947478860616684,0.3904816523516226,0.17292554517133957
Z_47,face_landmark_3d,0.030020229518413544,-0.027410469949245453,0.057430699467659,0.39190538467247626,0.17203274922118378
Z_48,face_landmark_3d,0.044080618768930435,-0.04024854302406311,0.08432915806770325,0.39449406483406535,0.16193823014018693
Z_49,face_landmark_3d,0.04734954610466957,-0.043233297765254974,0.09058284759521484,0.3945238780355955,0.16170738901869158
Z_50,face_landmark_3d,0.050175659358501434,-0.04581372067332268,0.09598937630653381,0.393612007893871,0.16122058995327104
Z_51,face_landmark_3d,0.04996805265545845,-0.04562415927648544,0.09559221565723419,0.3931727553447455,0.16339036214953273
Z_52,face_landmark_3d,0.048534467816352844,-0.044315215200185776,0.09284968674182892,0.3922930860389279,0.16701243185358255
Z_53,face_landmark_3d,0.045987099409103394,-0.0419892892241478,0.08797638863325119,0.39022060970804756,0.1683782418224299
Z_54,face_landmark_3d,0.04164698347449303,-0.03802647814154625,0.07967346161603928,0.387937768330988,0.17085911214953273
Z_55,face_landmark_3d,0.051568612456321716,-0.04708557948470116,0.09865419566631317,0.38809053176468583,0.1640617503894081
Z_56,face_landmark_3d,0.05792791768908501,-0.05289206653833389,0.1108199805021286,0.389071107620295,0.1601302472741433
Z_57,face_landmark_3d,0.05852068215608597,-0.05343327671289444,0.11195395886898041,0.3899881048542357,0.15839142328660438
Z_58,face_landmark_3d,0.0585913211107254,-0.05349778011441231,0.11208909749984741,0.39031760110640246,0.15725906347352026
Z_59,face_landmark_3d,0.05293957516551018,-0.048337362706661224,0.1012769341468811,0.39194299993959697,0.16033046144859814
Z_60,face_landmark_3d,0.043964263051748276,-0.04014229774475098,0.08410656452178955,0.3940523464506824,0.16172717095015576
Z_61,face_landmark_3d,0.05260759964585304,-0.048034243285655975,0.10064184665679932,0.3932485292306199,0.16044762461059192
Z_62,face_landmark_3d,0.05227389559149742,-0.04772954806685448,0.1000034436583519,0.3929564822906465,0.1630951226635514
Z_63,face_landmark_3d,0.05084669589996338,-0.04642642289400101,0.09727311879396439,0.39189744095825596,0.16688152258566977
Z_64,face_landmark_3d,0.0424642376601696,-0.03877268359065056,0.08123692125082016,0.3883983713142618,0.16929647585669783
Z_65,face_landmark_3d,0.05391004681587219,-0.04922347143292427,0.10313351452350616,0.38974023016434406,0.16152370521806855
Z_66,face_landmark_3d,0.05541526898741722,-0.05059783533215523,0.10601310431957245,0.39040338641226313,0.1595253699376947
Z_67,face_landmark_3d,0.05520588159561157,-0.05040665715932846,0.10561253875494003,0.3908208105377433,0.1573961351246106
p_scale,pdm,0.7563828825950623,-0.6906280517578125,1.4470109939575195,1.4485762500032482,0.9090374805295951
p_rx,pdm,0.19106340408325195,-0.17445363104343414,0.3655170202255249,0.5370955165627297,0.27955596767912766
p_ry,pdm,0.06309450417757034,-0.05760948359966278,0.12070398777723312,0.4625932099091086,0.18809229945482864
p_rz,pdm,0.003657733090221882,-0.00333976186811924,0.006997494958341122,0.2785632534656529,0.09876448598130841
p_tx,pdm,0.8271748423576355,-0.7552657723426819,1.5824406147003174,1.5959783924843338,0.809522507788162
p_ty,pdm,0.9333462119102478,-0.8522073030471802,1.7855534553527832,1.7935057560001388,0.9662347741433022
p_0,pdm,-0.14968910813331604,0.13667616248130798,0.286365270614624,0.6188934918398057,0.315067445482866
p_1,pdm,0.11459486931562424,-0.10463275760412216,0.2192276269197464,0.6097644863735056,0.2734570774922118
p_2,pdm,-0.31825578212738037,0.29058873653411865,0.608844518661499,0.6646249826114264,0.381104371105919
p_3,pdm,0.013696465641260147,-0.01250578835606575,0.026202253997325897,0.42622125719547743,0.1544277842679127
p_4,pdm,0.02361641451716423,-0.021563364192843437,0.04517977684736252,0.5310585762996197,0.18888658489096566
p_5,pdm,-0.2398124635219574,0.21896475553512573,0.45877721905708313,0.6015487586947598,0.303563726635514
p_6,pdm,-0.035723887383937836,0.032618291676044464,0.0683421790599823,0.5870931801527688,0.22887325739875392
p_7,pdm,0.19300517439842224,-0.17622660100460052,0.3692317605018616,0.7598967904676214,0.3369562013239875
p_8,pdm,-0.04337168112397194,0.03960123658180237,0.08297291398048401,0.44146239718071856,0.17582391939252337
p_9,pdm,0.02468491904437542,-0.02253897488117218,0.04722389578819275,0.6541599351287426,0.21014869548286608
p_10,pdm,0.06524625420570374,-0.0595741868019104,0.12482044100761414,0.6324600136975905,0.21387228387850477
p_11,pdm,0.05218858644366264,-0.047651659697294235,0.09984024614095688,0.7868525974866879,0.2809553446261682
p_12,pdm,0.25109297037124634,-0.22926461696624756,0.4803575873374939,0.8134211194865526,0.3782260611370717
p_13,pdm,0.0030633355490863323,-0.0027970296796411276,0.005860364995896816,0.703623179797426,0.2635932827102804
p_14,pdm,0.10229677706956863,-0.09340377897024155,0.19570055603981018,0.7522719269540786,0.2908025992990654
p_15,pdm,-0.1002635657787323,0.09154732525348663,0.19181089103221893,0.8053174931192522,0.3193086545950156
p_16,pdm,-0.11099303513765335,0.1013440415263176,0.21233707666397095,0.7987371926976516,0.3468644665109034
p_17,pdm,-0.18130744993686676,0.16554579138755798,0.34685325622558594,0.8326118075902167,0.4080633761682243
p_18,pdm,-0.06658343970775604,0.06079510971903801,0.12737855315208435,0.7578163856877153,0.3069498539719626
p_19,pdm,-0.29054418206214905,0.2652862071990967,0.5558303594589233,0.9257847010764189,0.46094913356697825
p_20,pdm,-0.019560199230909348,0.017859764397144318,0.037419963628053665,0.794159222059095,0.31359569704049844
p_21,pdm,0.1308857500553131,-0.11950742453336716,0.25039318203926086,0.7601740187970787,0.3204971086448598
p_22,pdm,0.11103782802820206,-0.10138493031263351,0.21242275834083557,0.7787310288518936,0.3287121397975078
p_23,pdm,-0.478973388671875,0.4373346269130707,0.9163080453872681,1.085327323006569,0.5855795852803738
p_24,pdm,-0.15432293713092804,0.1409071385860443,0.29523009061813354,0.8393210875178437,0.39155846962616825
p_25,pdm,0.3476271629333496,-0.3174067437648773,0.6650339365005493,0.7847025871375145,0.6214215245327103
p_26,pdm,-0.057518523186445236,0.052518248558044434,0.11003677546977997,0.703140674034173,0.31487368574766356
p_27,pdm,-0.15817752480506897,0.1444266140460968,0.30260413885116577,0.7413012774012495,0.4351894275700935
p_28,pdm,0.1261196732521057,-0.11515568196773529,0.241275355219841,0.6766056031033425,0.44872528232087233
p_29,pdm,-0.04727345332503319,0.04316381737589836,0.09043727070093155,0.8403335989917103,0.3802151090342679
p_30,pdm,0.18425777554512024,-0.16823963820934296,0.352497398853302,0.8209870657753072,0.506456863317757
p_31,pdm,-0.07500510662794113,0.06848465651273727,0.1434897631406784,0.7771634576957707,0.3985561137071651
p_32,pdm,0.17590053379535675,-0.1606089323759079,0.33650946617126465,0.5643442105487524,0.5347747663551402
p_33,pdm,0.3295668363571167,-0.30091649293899536,0.6304833292961121,0.8460820285871447,0.5854595794392523
AU01_r,au_intensity,0.11418551206588745,-0.10425896942615509,0.21844448149204254,0.2271805215342017,0.06885704828660444
AU02_r,au_intensity,0.0573185533285141,-0.052335675805807114,0.10965423285961151,0.11764472557471736,0.029319966900311578
AU04_r,au_intensity,0.17822638154029846,-0.1627325713634491,0.34095895290374756,0.34095896628957073,0.14619443146417455
AU05_r,au_intensity,0.009383046068251133,-0.00856733974069357,0.017950385808944702,0.03145366016698797,0.016609326323987594
AU06_r,au_intensity,-0.06795654445886612,0.06204890087246895,0.13000544905662537,0.1335830290916356,0.08464345794392514
AU07_r,au_intensity,0.07986607402563095,-0.07292304933071136,0.15278911590576172,0.15377016556763567,0.07313795755451713
AU09_r,au_intensity,0.07522586733102798,-0.06868621706962585,0.14391207695007324,0.15054462688932832,0.02952876752336453
AU10_r,au_intensity,0.18035240471363068,-0.1646738052368164,0.3450261950492859,0.3450262068697333,0.15168695482866046
AU12_r,au_intensity,0.11930814385414124,-0.10893627256155014,0.22824442386627197,0.2768567680770549,0.1736805101246106
AU14_r,au_intensity,0.06754843145608902,-0.06167622655630112,0.12922465801239014,0.13237043496378673,0.06020781736760128
AU15_r,au_intensity,0.035425424575805664,-0.03234577551484108,0.06777119636535645,0.07811074146179864,0.04193111370716507
AU17_r,au_intensity,0.0730733796954155,-0.0667208805680275,0.139794260263443,0.1709420372517467,0.07265885903426791
AU20_r,au_intensity,0.05306001380085945,-0.048447318375110626,0.10150733590126038,0.11485233496175914,0.03310891744548283
AU23_r,au_intensity,0.11275772750377655,-0.10295530408620834,0.2157130241394043,0.21858172028678002,0.05243321651090338
AU25_r,au_intensity,0.06525416672229767,-0.05958141013979912,0.12483558058738708,0.13830472598238291,0.06255622079439249
AU26_r,au_intensity,0.061272162944078445,-0.05594558268785477,0.11721774935722351,0.13752852105436822,0.06426342484423675
AU45_r,au_intensity,0.04532954469323158,-0.041388899087905884,0.08671844005584717,0.10799566910922506,0.0469583917445483
AU01_c,au_presence,0.15829040110111237,-0.14452975988388062,0.3028201460838318,0.3028201404076813,0.10060418613707167
AU02_c,au_presence,0.09484487026929855,-0.0865996778011322,0.18144455552101135,0.18144455100481807,0.06407163161993767
AU04_c,au_presence,0.0888262614607811,-0.08110425621271133,0.16993051767349243,0.16993052126568028,0.08043556269470409
AU05_c,au_presence,-0.1788412481546402,0.16329413652420044,0.34213536977767944,0.34213537537308303,0.17078655568535833
AU06_c,au_presence,-0.19374991953372955,0.17690663039684296,0.3706565499305725,0.3706565421686561,0.11764815031152642
AU07_c,au_presence,-0.12989602982997894,0.11860381811857224,0.24849984049797058,0.2484998586373168,0.1055911117601247
AU09_c,au_presence,0.1273420751094818,-0.11627179384231567,0.24361386895179749,0.24361389223022012,0.05211396028037385
AU10_c,au_presence,-0.15170380473136902,0.1385156810283661,0.2902194857597351,0.29021946736480275,0.12373140576323982
AU12_c,au_presence,-0.20227910578250885,0.18469420075416565,0.3869733214378357,0.3869732898483054,0.13193896028037388
AU14_c,au_presence,-0.1317257285118103,0.12027434259653091,0.2520000636577606,0.2520000363272206,0.12486886682242992
AU15_c,au_presence,0.07649417221546173,-0.0698443129658699,0.14633849263191223,0.14633847540982953,0.04749156931464171
AU17_c,au_presence,0.021605489775538445,-0.01972726359963417,0.041332751512527466,0.041332752029507216,0.016221144859813075
AU20_c,au_presence,0.09247911721467972,-0.08443965017795563,0.17691877484321594,0.17691875988654648,0.0506208528037384
AU23_c,au_presence,-0.11455988138914108,0.10460089147090912,0.2191607654094696,0.2191607666410043,0.08749516160436144
AU25_c,au_presence,0.10491421818733215,-0.0957937017083168,0.20070791244506836,0.20070792248692051,0.06965980334890964
AU26_c,au_presence,0.16329427063465118,-0.14909851551055908,0.3123927712440491,0.3123927653174881,0.09540164524922123
AU28_c,au_presence,0.0920865535736084,-0.08408114314079285,0.17616769671440125,0.17616769895664297,0.019418477414330226
AU45_c,au_presence,0.050934549421072006,-0.046506620943546295,0.097441166639328,0.09744117740218475,0.036085036993769415
